Record Length,2.500000e+03,,  -0.280000000000,   0.00160,
Sample Interval,4.000000e-03,,  -0.276000000000,   0.00240,
Trigger Point,7.000000000000e+01,,  -0.272000000000,   0.00080,
,,,  -0.268000000000,   0.00000,
,,,  -0.264000000000,   0.00160,
,,,  -0.260000000000,  -0.00080,
Source,CH2,,  -0.256000000000,  -0.00160,
Vertical Units,V,,  -0.252000000000,  -0.00080,
Vertical Scale,2.000000e-02,,  -0.248000000000,   0.00000,
Vertical Offset,-1.600000e-02,,  -0.244000000000,  -0.00240,
Horizontal Units,s,,  -0.240000000000,  -0.00160,
Horizontal Scale,1.000000e+00,,  -0.236000000000,   0.00000,
Pt Fmt,Y,,  -0.232000000000,   0.00000,
Yzero,0.000000e+00,,  -0.228000000000,   0.00000,
Probe Atten,1.000000e+00,,  -0.224000000000,   0.00080,
Model Number,TDS2004C,,  -0.220000000000,   0.00160,
Serial Number,061FR2,,  -0.216000000000,   0.00000,
Firmware Version,FV:v24.26,,  -0.212000000000,   0.00160,
,,,-00.208000000000,   0.00240,
,,,-00.204000000000,   0.00080,
,,,-00.200000000000,   0.00000,
,,,-00.196000000000,   0.00080,
,,,-00.192000000000,   0.00080,
,,,-00.188000000000,   0.00000,
,,,-00.184000000000,   0.00080,
,,,-00.180000000000,   0.00240,
,,,-00.176000000000,   0.00080,
,,,-00.172000000000,   0.00240,
,,,-00.168000000000,   0.00400,
,,,-00.164000000000,   0.00320,
,,,-00.160000000000,   0.00320,
,,,-00.156000000000,   0.00480,
,,,-00.152000000000,   0.00480,
,,,-00.148000000000,   0.00480,
,,,-00.144000000000,   0.00400,
,,,-00.140000000000,   0.00480,
,,,-00.136000000000,   0.00400,
,,,-00.132000000000,   0.00240,
,,,-00.128000000000,   0.00480,
,,,-00.124000000000,   0.00400,
,,,-00.120000000000,   0.00240,
,,,-00.116000000000,   0.00480,
,,,-00.112000000000,   0.00560,
,,,-00.108000000000,   0.00320,
,,,-00.104000000000,   0.00480,
,,,-00.100000000000,   0.00560,
,,,-00.096000000000,   0.00480,
,,,-00.092000000000,   0.00480,
,,,-00.088000000000,   0.00480,
,,,-00.084000000000,   0.00400,
,,,-00.080000000000,   0.00240,
,,,-00.076000000000,   0.00320,
,,,-00.072000000000,   0.00400,
,,,-00.068000000000,   0.00160,
,,,-00.064000000000,   0.00160,
,,,-00.060000000000,   0.00240,
,,,-00.056000000000,   0.00240,
,,,-00.052000000000,   0.00160,
,,,-00.048000000000,   0.00240,
,,,-00.044000000000,   0.00320,
,,,-00.040000000000,   0.00240,
,,,-00.036000000000,   0.00240,
,,,-00.032000000000,   0.00240,
,,,-00.028000000000,   0.00160,
,,,-00.024000000000,   0.00080,
,,,-00.020000000000,   0.00160,
,,,-00.016000000000,   0.00000,
,,,-00.012000000000,  -0.00080,
,,,-00.008000000000,  -0.00080,
,,,-00.004000000000,   0.00000,
,,,-00.000000000000,  -0.00080,
,,,00.004000000000,  -0.00160,
,,,00.008000000000,   0.00080,
,,,00.012000000000,   0.00000,
,,,00.016000000000,   0.00000,
,,,00.020000000000,   0.00160,
,,,00.024000000000,   0.00160,
,,,00.028000000000,   0.00080,
,,,00.032000000000,   0.00080,
,,,00.036000000000,   0.00240,
,,,00.040000000000,   0.00160,
,,,00.044000000000,   0.00160,
,,,00.048000000000,   0.00320,
,,,00.052000000000,   0.00320,
,,,00.056000000000,   0.00320,
,,,00.060000000000,   0.00560,
,,,00.064000000000,   0.00720,
,,,00.068000000000,   0.00720,
,,,00.072000000000,   0.00960,
,,,00.076000000000,   0.01120,
,,,00.080000000000,   0.01200,
,,,00.084000000000,   0.01360,
,,,00.088000000000,   0.01520,
,,,00.092000000000,   0.01680,
,,,00.096000000000,   0.01680,
,,,00.100000000000,   0.01840,
,,,00.104000000000,   0.02000,
,,,00.108000000000,   0.02160,
,,,00.112000000000,   0.02240,
,,,00.116000000000,   0.02560,
,,,00.120000000000,   0.02640,
,,,00.124000000000,   0.02800,
,,,00.128000000000,   0.03040,
,,,00.132000000000,   0.03280,
,,,00.136000000000,   0.03360,
,,,00.140000000000,   0.03600,
,,,00.144000000000,   0.03920,
,,,00.148000000000,   0.04000,
,,,00.152000000000,   0.04000,
,,,00.156000000000,   0.04160,
,,,00.160000000000,   0.04320,
,,,00.164000000000,   0.04320,
,,,00.168000000000,   0.04560,
,,,00.172000000000,   0.04800,
,,,00.176000000000,   0.04640,
,,,00.180000000000,   0.04880,
,,,00.184000000000,   0.05200,
,,,00.188000000000,   0.05360,
,,,00.192000000000,   0.05360,
,,,00.196000000000,   0.05520,
,,,00.200000000000,   0.05680,
,,,00.204000000000,   0.05680,
,,,00.208000000000,   0.05760,
,,,00.212000000000,   0.05920,
,,,00.216000000000,   0.06000,
,,,00.220000000000,   0.06000,
,,,00.224000000000,   0.06160,
,,,00.228000000000,   0.06240,
,,,00.232000000000,   0.06160,
,,,00.236000000000,   0.06400,
,,,00.240000000000,   0.06560,
,,,00.244000000000,   0.06640,
,,,00.248000000000,   0.06640,
,,,00.252000000000,   0.06880,
,,,00.256000000000,   0.06960,
,,,00.260000000000,   0.06960,
,,,00.264000000000,   0.07120,
,,,00.268000000000,   0.07280,
,,,00.272000000000,   0.07200,
,,,00.276000000000,   0.07200,
,,,00.280000000000,   0.07360,
,,,00.284000000000,   0.07280,
,,,00.288000000000,   0.07280,
,,,00.292000000000,   0.07440,
,,,00.296000000000,   0.07600,
,,,00.300000000000,   0.07520,
,,,00.304000000000,   0.07680,
,,,00.308000000000,   0.07920,
,,,00.312000000000,   0.07920,
,,,00.316000000000,   0.08080,
,,,00.320000000000,   0.08160,
,,,00.324000000000,   0.08160,
,,,00.328000000000,   0.08080,
,,,00.332000000000,   0.08160,
,,,00.336000000000,   0.08400,
,,,00.340000000000,   0.08240,
,,,00.344000000000,   0.08160,
,,,00.348000000000,   0.08320,
,,,00.352000000000,   0.08320,
,,,00.356000000000,   0.08240,
,,,00.360000000000,   0.08400,
,,,00.364000000000,   0.08480,
,,,00.368000000000,   0.08480,
,,,00.372000000000,   0.08640,
,,,00.376000000000,   0.08720,
,,,00.380000000000,   0.08720,
,,,00.384000000000,   0.08720,
,,,00.388000000000,   0.08720,
,,,00.392000000000,   0.08800,
,,,00.396000000000,   0.08720,
,,,00.400000000000,   0.08720,
,,,00.404000000000,   0.08720,
,,,00.408000000000,   0.08560,
,,,00.412000000000,   0.08640,
,,,00.416000000000,   0.08560,
,,,00.420000000000,   0.08640,
,,,00.424000000000,   0.08560,
,,,00.428000000000,   0.08640,
,,,00.432000000000,   0.08720,
,,,00.436000000000,   0.08560,
,,,00.440000000000,   0.08560,
,,,00.444000000000,   0.08720,
,,,00.448000000000,   0.08480,
,,,00.452000000000,   0.08400,
,,,00.456000000000,   0.08480,
,,,00.460000000000,   0.08320,
,,,00.464000000000,   0.08160,
,,,00.468000000000,   0.08240,
,,,00.472000000000,   0.08160,
,,,00.476000000000,   0.08000,
,,,00.480000000000,   0.07920,
,,,00.484000000000,   0.07920,
,,,00.488000000000,   0.07920,
,,,00.492000000000,   0.07760,
,,,00.496000000000,   0.07760,
,,,00.500000000000,   0.07760,
,,,00.504000000000,   0.07600,
,,,00.508000000000,   0.07520,
,,,00.512000000000,   0.07520,
,,,00.516000000000,   0.07360,
,,,00.520000000000,   0.07120,
,,,00.524000000000,   0.07200,
,,,00.528000000000,   0.07040,
,,,00.532000000000,   0.06880,
,,,00.536000000000,   0.06880,
,,,00.540000000000,   0.06880,
,,,00.544000000000,   0.06720,
,,,00.548000000000,   0.06640,
,,,00.552000000000,   0.06720,
,,,00.556000000000,   0.06640,
,,,00.560000000000,   0.06480,
,,,00.564000000000,   0.06480,
,,,00.568000000000,   0.06320,
,,,00.572000000000,   0.06160,
,,,00.576000000000,   0.06160,
,,,00.580000000000,   0.06080,
,,,00.584000000000,   0.05840,
,,,00.588000000000,   0.05680,
,,,00.592000000000,   0.05760,
,,,00.596000000000,   0.05600,
,,,00.600000000000,   0.05520,
,,,00.604000000000,   0.05600,
,,,00.608000000000,   0.05440,
,,,00.612000000000,   0.05440,
,,,00.616000000000,   0.05280,
,,,00.620000000000,   0.05440,
,,,00.624000000000,   0.05200,
,,,00.628000000000,   0.05120,
,,,00.632000000000,   0.05040,
,,,00.636000000000,   0.04960,
,,,00.640000000000,   0.04720,
,,,00.644000000000,   0.04640,
,,,00.648000000000,   0.04560,
,,,00.652000000000,   0.04400,
,,,00.656000000000,   0.04320,
,,,00.660000000000,   0.04400,
,,,00.664000000000,   0.04240,
,,,00.668000000000,   0.04080,
,,,00.672000000000,   0.04080,
,,,00.676000000000,   0.04000,
,,,00.680000000000,   0.03840,
,,,00.684000000000,   0.03760,
,,,00.688000000000,   0.03680,
,,,00.692000000000,   0.03680,
,,,00.696000000000,   0.03200,
,,,00.700000000000,   0.03200,
,,,00.704000000000,   0.03120,
,,,00.708000000000,   0.02800,
,,,00.712000000000,   0.02800,
,,,00.716000000000,   0.02720,
,,,00.720000000000,   0.02640,
,,,00.724000000000,   0.02400,
,,,00.728000000000,   0.02320,
,,,00.732000000000,   0.02400,
,,,00.736000000000,   0.02080,
,,,00.740000000000,   0.02000,
,,,00.744000000000,   0.02000,
,,,00.748000000000,   0.01680,
,,,00.752000000000,   0.01600,
,,,00.756000000000,   0.01520,
,,,00.760000000000,   0.01360,
,,,00.764000000000,   0.01040,
,,,00.768000000000,   0.01120,
,,,00.772000000000,   0.00960,
,,,00.776000000000,   0.00800,
,,,00.780000000000,   0.00720,
,,,00.784000000000,   0.00720,
,,,00.788000000000,   0.00480,
,,,00.792000000000,   0.00320,
,,,00.796000000000,   0.00400,
,,,00.800000000000,   0.00240,
,,,00.804000000000,   0.00000,
,,,00.808000000000,   0.00000,
,,,00.812000000000,  -0.00080,
,,,00.816000000000,  -0.00320,
,,,00.820000000000,  -0.00400,
,,,00.824000000000,  -0.00400,
,,,00.828000000000,  -0.00640,
,,,00.832000000000,  -0.00800,
,,,00.836000000000,  -0.00720,
,,,00.840000000000,  -0.00880,
,,,00.844000000000,  -0.00960,
,,,00.848000000000,  -0.01040,
,,,00.852000000000,  -0.01040,
,,,00.856000000000,  -0.01120,
,,,00.860000000000,  -0.01280,
,,,00.864000000000,  -0.01200,
,,,00.868000000000,  -0.01440,
,,,00.872000000000,  -0.01600,
,,,00.876000000000,  -0.01600,
,,,00.880000000000,  -0.01600,
,,,00.884000000000,  -0.01840,
,,,00.888000000000,  -0.01920,
,,,00.892000000000,  -0.01840,
,,,00.896000000000,  -0.02000,
,,,00.900000000000,  -0.02080,
,,,00.904000000000,  -0.02080,
,,,00.908000000000,  -0.02160,
,,,00.912000000000,  -0.02240,
,,,00.916000000000,  -0.02240,
,,,00.920000000000,  -0.02240,
,,,00.924000000000,  -0.02400,
,,,00.928000000000,  -0.02560,
,,,00.932000000000,  -0.02480,
,,,00.936000000000,  -0.02640,
,,,00.940000000000,  -0.02880,
,,,00.944000000000,  -0.02880,
,,,00.948000000000,  -0.02800,
,,,00.952000000000,  -0.02960,
,,,00.956000000000,  -0.03040,
,,,00.960000000000,  -0.03040,
,,,00.964000000000,  -0.03040,
,,,00.968000000000,  -0.03200,
,,,00.972000000000,  -0.03120,
,,,00.976000000000,  -0.03120,
,,,00.980000000000,  -0.03280,
,,,00.984000000000,  -0.03360,
,,,00.988000000000,  -0.03360,
,,,00.992000000000,  -0.03520,
,,,00.996000000000,  -0.03680,
,,,01.000000000000,  -0.03600,
,,,01.004000000000,  -0.03760,
,,,01.008000000000,  -0.03920,
,,,01.012000000000,  -0.03840,
,,,01.016000000000,  -0.03920,
,,,01.020000000000,  -0.03920,
,,,01.024000000000,  -0.04080,
,,,01.028000000000,  -0.03920,
,,,01.032000000000,  -0.04080,
,,,01.036000000000,  -0.04160,
,,,01.040000000000,  -0.04080,
,,,01.044000000000,  -0.04080,
,,,01.048000000000,  -0.04240,
,,,01.052000000000,  -0.04240,
,,,01.056000000000,  -0.04320,
,,,01.060000000000,  -0.04400,
,,,01.064000000000,  -0.04480,
,,,01.068000000000,  -0.04400,
,,,01.072000000000,  -0.04400,
,,,01.076000000000,  -0.04560,
,,,01.080000000000,  -0.04400,
,,,01.084000000000,  -0.04480,
,,,01.088000000000,  -0.04640,
,,,01.092000000000,  -0.04480,
,,,01.096000000000,  -0.04400,
,,,01.100000000000,  -0.04480,
,,,01.104000000000,  -0.04560,
,,,01.108000000000,  -0.04480,
,,,01.112000000000,  -0.04480,
,,,01.116000000000,  -0.04640,
,,,01.120000000000,  -0.04560,
,,,01.124000000000,  -0.04560,
,,,01.128000000000,  -0.04560,
,,,01.132000000000,  -0.04560,
,,,01.136000000000,  -0.04400,
,,,01.140000000000,  -0.04400,
,,,01.144000000000,  -0.04480,
,,,01.148000000000,  -0.04400,
,,,01.152000000000,  -0.04240,
,,,01.156000000000,  -0.04400,
,,,01.160000000000,  -0.04400,
,,,01.164000000000,  -0.04240,
,,,01.168000000000,  -0.04320,
,,,01.172000000000,  -0.04400,
,,,01.176000000000,  -0.04240,
,,,01.180000000000,  -0.04240,
,,,01.184000000000,  -0.04400,
,,,01.188000000000,  -0.04320,
,,,01.192000000000,  -0.04240,
,,,01.196000000000,  -0.04240,
,,,01.200000000000,  -0.04160,
,,,01.204000000000,  -0.04000,
,,,01.208000000000,  -0.04000,
,,,01.212000000000,  -0.04080,
,,,01.216000000000,  -0.03920,
,,,01.220000000000,  -0.03840,
,,,01.224000000000,  -0.03920,
,,,01.228000000000,  -0.03920,
,,,01.232000000000,  -0.03760,
,,,01.236000000000,  -0.03840,
,,,01.240000000000,  -0.03920,
,,,01.244000000000,  -0.03840,
,,,01.248000000000,  -0.03760,
,,,01.252000000000,  -0.03920,
,,,01.256000000000,  -0.03760,
,,,01.260000000000,  -0.03600,
,,,01.264000000000,  -0.03760,
,,,01.268000000000,  -0.03760,
,,,01.272000000000,  -0.03600,
,,,01.276000000000,  -0.03520,
,,,01.280000000000,  -0.03600,
,,,01.284000000000,  -0.03520,
,,,01.288000000000,  -0.03360,
,,,01.292000000000,  -0.03440,
,,,01.296000000000,  -0.03440,
,,,01.300000000000,  -0.03360,
,,,01.304000000000,  -0.03280,
,,,01.308000000000,  -0.03360,
,,,01.312000000000,  -0.03120,
,,,01.316000000000,  -0.03120,
,,,01.320000000000,  -0.03280,
,,,01.324000000000,  -0.03120,
,,,01.328000000000,  -0.03040,
,,,01.332000000000,  -0.03040,
,,,01.336000000000,  -0.03040,
,,,01.340000000000,  -0.02800,
,,,01.344000000000,  -0.02800,
,,,01.348000000000,  -0.02960,
,,,01.352000000000,  -0.02720,
,,,01.356000000000,  -0.02640,
,,,01.360000000000,  -0.02720,
,,,01.364000000000,  -0.02640,
,,,01.368000000000,  -0.02560,
,,,01.372000000000,  -0.02560,
,,,01.376000000000,  -0.02400,
,,,01.380000000000,  -0.02240,
,,,01.384000000000,  -0.02160,
,,,01.388000000000,  -0.02240,
,,,01.392000000000,  -0.02000,
,,,01.396000000000,  -0.01840,
,,,01.400000000000,  -0.01920,
,,,01.404000000000,  -0.01840,
,,,01.408000000000,  -0.01600,
,,,01.412000000000,  -0.01760,
,,,01.416000000000,  -0.01760,
,,,01.420000000000,  -0.01600,
,,,01.424000000000,  -0.01520,
,,,01.428000000000,  -0.01520,
,,,01.432000000000,  -0.01440,
,,,01.436000000000,  -0.01280,
,,,01.440000000000,  -0.01280,
,,,01.444000000000,  -0.01280,
,,,01.448000000000,  -0.00960,
,,,01.452000000000,  -0.00960,
,,,01.456000000000,  -0.01040,
,,,01.460000000000,  -0.00800,
,,,01.464000000000,  -0.00720,
,,,01.468000000000,  -0.00720,
,,,01.472000000000,  -0.00720,
,,,01.476000000000,  -0.00560,
,,,01.480000000000,  -0.00480,
,,,01.484000000000,  -0.00640,
,,,01.488000000000,  -0.00400,
,,,01.492000000000,  -0.00320,
,,,01.496000000000,  -0.00400,
,,,01.500000000000,  -0.00240,
,,,01.504000000000,  -0.00160,
,,,01.508000000000,  -0.00160,
,,,01.512000000000,  -0.00160,
,,,01.516000000000,   0.00000,
,,,01.520000000000,   0.00000,
,,,01.524000000000,   0.00000,
,,,01.528000000000,   0.00160,
,,,01.532000000000,   0.00240,
,,,01.536000000000,   0.00160,
,,,01.540000000000,   0.00160,
,,,01.544000000000,   0.00240,
,,,01.548000000000,   0.00320,
,,,01.552000000000,   0.00240,
,,,01.556000000000,   0.00400,
,,,01.560000000000,   0.00560,
,,,01.564000000000,   0.00480,
,,,01.568000000000,   0.00640,
,,,01.572000000000,   0.00720,
,,,01.576000000000,   0.00720,
,,,01.580000000000,   0.00640,
,,,01.584000000000,   0.00960,
,,,01.588000000000,   0.00880,
,,,01.592000000000,   0.00800,
,,,01.596000000000,   0.00960,
,,,01.600000000000,   0.01040,
,,,01.604000000000,   0.00960,
,,,01.608000000000,   0.01040,
,,,01.612000000000,   0.01040,
,,,01.616000000000,   0.01120,
,,,01.620000000000,   0.01200,
,,,01.624000000000,   0.01200,
,,,01.628000000000,   0.01360,
,,,01.632000000000,   0.01360,
,,,01.636000000000,   0.01520,
,,,01.640000000000,   0.01520,
,,,01.644000000000,   0.01520,
,,,01.648000000000,   0.01520,
,,,01.652000000000,   0.01680,
,,,01.656000000000,   0.01680,
,,,01.660000000000,   0.01600,
,,,01.664000000000,   0.01680,
,,,01.668000000000,   0.02000,
,,,01.672000000000,   0.01840,
,,,01.676000000000,   0.01920,
,,,01.680000000000,   0.02160,
,,,01.684000000000,   0.02080,
,,,01.688000000000,   0.02000,
,,,01.692000000000,   0.02160,
,,,01.696000000000,   0.02240,
,,,01.700000000000,   0.02240,
,,,01.704000000000,   0.02320,
,,,01.708000000000,   0.02400,
,,,01.712000000000,   0.02320,
,,,01.716000000000,   0.02240,
,,,01.720000000000,   0.02480,
,,,01.724000000000,   0.02400,
,,,01.728000000000,   0.02320,
,,,01.732000000000,   0.02480,
,,,01.736000000000,   0.02560,
,,,01.740000000000,   0.02480,
,,,01.744000000000,   0.02560,
,,,01.748000000000,   0.02720,
,,,01.752000000000,   0.02640,
,,,01.756000000000,   0.02560,
,,,01.760000000000,   0.02720,
,,,01.764000000000,   0.02800,
,,,01.768000000000,   0.02560,
,,,01.772000000000,   0.02640,
,,,01.776000000000,   0.02720,
,,,01.780000000000,   0.02640,
,,,01.784000000000,   0.02640,
,,,01.788000000000,   0.02720,
,,,01.792000000000,   0.02720,
,,,01.796000000000,   0.02640,
,,,01.800000000000,   0.02800,
,,,01.804000000000,   0.02800,
,,,01.808000000000,   0.02720,
,,,01.812000000000,   0.02640,
,,,01.816000000000,   0.02880,
,,,01.820000000000,   0.02720,
,,,01.824000000000,   0.02720,
,,,01.828000000000,   0.02800,
,,,01.832000000000,   0.02960,
,,,01.836000000000,   0.02640,
,,,01.840000000000,   0.02720,
,,,01.844000000000,   0.02800,
,,,01.848000000000,   0.02720,
,,,01.852000000000,   0.02720,
,,,01.856000000000,   0.02720,
,,,01.860000000000,   0.02800,
,,,01.864000000000,   0.02720,
,,,01.868000000000,   0.02800,
,,,01.872000000000,   0.02880,
,,,01.876000000000,   0.02720,
,,,01.880000000000,   0.02720,
,,,01.884000000000,   0.02800,
,,,01.888000000000,   0.02800,
,,,01.892000000000,   0.02640,
,,,01.896000000000,   0.02800,
,,,01.900000000000,   0.02800,
,,,01.904000000000,   0.02640,
,,,01.908000000000,   0.02640,
,,,01.912000000000,   0.02720,
,,,01.916000000000,   0.02720,
,,,01.920000000000,   0.02640,
,,,01.924000000000,   0.02720,
,,,01.928000000000,   0.02800,
,,,01.932000000000,   0.02720,
,,,01.936000000000,   0.02720,
,,,01.940000000000,   0.02800,
,,,01.944000000000,   0.02640,
,,,01.948000000000,   0.02560,
,,,01.952000000000,   0.02720,
,,,01.956000000000,   0.02720,
,,,01.960000000000,   0.02560,
,,,01.964000000000,   0.02640,
,,,01.968000000000,   0.02720,
,,,01.972000000000,   0.02560,
,,,01.976000000000,   0.02480,
,,,01.980000000000,   0.02640,
,,,01.984000000000,   0.02560,
,,,01.988000000000,   0.02560,
,,,01.992000000000,   0.02560,
,,,01.996000000000,   0.02640,
,,,02.000000000000,   0.02480,
,,,02.004000000000,   0.02560,
,,,02.008000000000,   0.02480,
,,,02.012000000000,   0.02400,
,,,02.016000000000,   0.02400,
,,,02.020000000000,   0.02400,
,,,02.024000000000,   0.02240,
,,,02.028000000000,   0.02160,
,,,02.032000000000,   0.02240,
,,,02.036000000000,   0.02240,
,,,02.040000000000,   0.02080,
,,,02.044000000000,   0.02240,
,,,02.048000000000,   0.02320,
,,,02.052000000000,   0.02240,
,,,02.056000000000,   0.02000,
,,,02.060000000000,   0.02160,
,,,02.064000000000,   0.02160,
,,,02.068000000000,   0.01920,
,,,02.072000000000,   0.01920,
,,,02.076000000000,   0.01840,
,,,02.080000000000,   0.01760,
,,,02.084000000000,   0.01680,
,,,02.088000000000,   0.01760,
,,,02.092000000000,   0.01680,
,,,02.096000000000,   0.01680,
,,,02.100000000000,   0.01760,
,,,02.104000000000,   0.01680,
,,,02.108000000000,   0.01600,
,,,02.112000000000,   0.01520,
,,,02.116000000000,   0.01680,
,,,02.120000000000,   0.01440,
,,,02.124000000000,   0.01440,
,,,02.128000000000,   0.01520,
,,,02.132000000000,   0.01360,
,,,02.136000000000,   0.01200,
,,,02.140000000000,   0.01280,
,,,02.144000000000,   0.01280,
,,,02.148000000000,   0.01200,
,,,02.152000000000,   0.01120,
,,,02.156000000000,   0.01280,
,,,02.160000000000,   0.01120,
,,,02.164000000000,   0.01040,
,,,02.168000000000,   0.01120,
,,,02.172000000000,   0.01200,
,,,02.176000000000,   0.01040,
,,,02.180000000000,   0.01040,
,,,02.184000000000,   0.01040,
,,,02.188000000000,   0.00800,
,,,02.192000000000,   0.00880,
,,,02.196000000000,   0.00960,
,,,02.200000000000,   0.00800,
,,,02.204000000000,   0.00640,
,,,02.208000000000,   0.00720,
,,,02.212000000000,   0.00800,
,,,02.216000000000,   0.00720,
,,,02.220000000000,   0.00640,
,,,02.224000000000,   0.00880,
,,,02.228000000000,   0.00640,
,,,02.232000000000,   0.00480,
,,,02.236000000000,   0.00720,
,,,02.240000000000,   0.00560,
,,,02.244000000000,   0.00480,
,,,02.248000000000,   0.00480,
,,,02.252000000000,   0.00560,
,,,02.256000000000,   0.00320,
,,,02.260000000000,   0.00240,
,,,02.264000000000,   0.00320,
,,,02.268000000000,   0.00320,
,,,02.272000000000,   0.00240,
,,,02.276000000000,   0.00240,
,,,02.280000000000,   0.00160,
,,,02.284000000000,   0.00160,
,,,02.288000000000,   0.00160,
,,,02.292000000000,   0.00160,
,,,02.296000000000,   0.00160,
,,,02.300000000000,   0.00000,
,,,02.304000000000,   0.00000,
,,,02.308000000000,   0.00000,
,,,02.312000000000,  -0.00160,
,,,02.316000000000,  -0.00160,
,,,02.320000000000,  -0.00080,
,,,02.324000000000,  -0.00240,
,,,02.328000000000,  -0.00240,
,,,02.332000000000,  -0.00160,
,,,02.336000000000,  -0.00240,
,,,02.340000000000,  -0.00320,
,,,02.344000000000,  -0.00320,
,,,02.348000000000,  -0.00240,
,,,02.352000000000,  -0.00400,
,,,02.356000000000,  -0.00480,
,,,02.360000000000,  -0.00400,
,,,02.364000000000,  -0.00480,
,,,02.368000000000,  -0.00560,
,,,02.372000000000,  -0.00560,
,,,02.376000000000,  -0.00640,
,,,02.380000000000,  -0.00800,
,,,02.384000000000,  -0.00720,
,,,02.388000000000,  -0.00560,
,,,02.392000000000,  -0.00800,
,,,02.396000000000,  -0.00800,
,,,02.400000000000,  -0.00720,
,,,02.404000000000,  -0.00800,
,,,02.408000000000,  -0.00880,
,,,02.412000000000,  -0.00800,
,,,02.416000000000,  -0.00800,
,,,02.420000000000,  -0.00880,
,,,02.424000000000,  -0.00880,
,,,02.428000000000,  -0.00800,
,,,02.432000000000,  -0.00960,
,,,02.436000000000,  -0.01040,
,,,02.440000000000,  -0.00960,
,,,02.444000000000,  -0.00880,
,,,02.448000000000,  -0.01120,
,,,02.452000000000,  -0.01040,
,,,02.456000000000,  -0.00960,
,,,02.460000000000,  -0.00960,
,,,02.464000000000,  -0.01040,
,,,02.468000000000,  -0.00960,
,,,02.472000000000,  -0.00960,
,,,02.476000000000,  -0.01040,
,,,02.480000000000,  -0.01040,
,,,02.484000000000,  -0.00960,
,,,02.488000000000,  -0.01040,
,,,02.492000000000,  -0.01120,
,,,02.496000000000,  -0.01040,
,,,02.500000000000,  -0.01120,
,,,02.504000000000,  -0.01280,
,,,02.508000000000,  -0.01120,
,,,02.512000000000,  -0.01120,
,,,02.516000000000,  -0.01120,
,,,02.520000000000,  -0.01120,
,,,02.524000000000,  -0.01040,
,,,02.528000000000,  -0.01120,
,,,02.532000000000,  -0.01120,
,,,02.536000000000,  -0.01120,
,,,02.540000000000,  -0.01120,
,,,02.544000000000,  -0.01280,
,,,02.548000000000,  -0.01120,
,,,02.552000000000,  -0.01200,
,,,02.556000000000,  -0.01280,
,,,02.560000000000,  -0.01280,
,,,02.564000000000,  -0.01200,
,,,02.568000000000,  -0.01280,
,,,02.572000000000,  -0.01360,
,,,02.576000000000,  -0.01200,
,,,02.580000000000,  -0.01120,
,,,02.584000000000,  -0.01280,
,,,02.588000000000,  -0.01280,
,,,02.592000000000,  -0.01040,
,,,02.596000000000,  -0.01280,
,,,02.600000000000,  -0.01280,
,,,02.604000000000,  -0.01280,
,,,02.608000000000,  -0.01280,
,,,02.612000000000,  -0.01360,
,,,02.616000000000,  -0.01280,
,,,02.620000000000,  -0.01200,
,,,02.624000000000,  -0.01520,
,,,02.628000000000,  -0.01360,
,,,02.632000000000,  -0.01280,
,,,02.636000000000,  -0.01280,
,,,02.640000000000,  -0.01360,
,,,02.644000000000,  -0.01200,
,,,02.648000000000,  -0.01200,
,,,02.652000000000,  -0.01280,
,,,02.656000000000,  -0.01280,
,,,02.660000000000,  -0.01200,
,,,02.664000000000,  -0.01280,
,,,02.668000000000,  -0.01280,
,,,02.672000000000,  -0.01280,
,,,02.676000000000,  -0.01280,
,,,02.680000000000,  -0.01360,
,,,02.684000000000,  -0.01280,
,,,02.688000000000,  -0.01200,
,,,02.692000000000,  -0.01280,
,,,02.696000000000,  -0.01280,
,,,02.700000000000,  -0.01040,
,,,02.704000000000,  -0.01120,
,,,02.708000000000,  -0.01120,
,,,02.712000000000,  -0.00960,
,,,02.716000000000,  -0.01040,
,,,02.720000000000,  -0.01200,
,,,02.724000000000,  -0.01120,
,,,02.728000000000,  -0.00880,
,,,02.732000000000,  -0.01040,
,,,02.736000000000,  -0.01040,
,,,02.740000000000,  -0.01040,
,,,02.744000000000,  -0.01040,
,,,02.748000000000,  -0.01120,
,,,02.752000000000,  -0.01040,
,,,02.756000000000,  -0.00800,
,,,02.760000000000,  -0.01040,
,,,02.764000000000,  -0.00880,
,,,02.768000000000,  -0.00720,
,,,02.772000000000,  -0.00720,
,,,02.776000000000,  -0.00800,
,,,02.780000000000,  -0.00720,
,,,02.784000000000,  -0.00800,
,,,02.788000000000,  -0.00880,
,,,02.792000000000,  -0.00800,
,,,02.796000000000,  -0.00720,
,,,02.800000000000,  -0.00800,
,,,02.804000000000,  -0.00880,
,,,02.808000000000,  -0.00640,
,,,02.812000000000,  -0.00720,
,,,02.816000000000,  -0.00720,
,,,02.820000000000,  -0.00640,
,,,02.824000000000,  -0.00560,
,,,02.828000000000,  -0.00560,
,,,02.832000000000,  -0.00640,
,,,02.836000000000,  -0.00560,
,,,02.840000000000,  -0.00560,
,,,02.844000000000,  -0.00560,
,,,02.848000000000,  -0.00480,
,,,02.852000000000,  -0.00480,
,,,02.856000000000,  -0.00560,
,,,02.860000000000,  -0.00560,
,,,02.864000000000,  -0.00400,
,,,02.868000000000,  -0.00560,
,,,02.872000000000,  -0.00480,
,,,02.876000000000,  -0.00400,
,,,02.880000000000,  -0.00400,
,,,02.884000000000,  -0.00480,
,,,02.888000000000,  -0.00400,
,,,02.892000000000,  -0.00240,
,,,02.896000000000,  -0.00320,
,,,02.900000000000,  -0.00320,
,,,02.904000000000,  -0.00240,
,,,02.908000000000,  -0.00320,
,,,02.912000000000,  -0.00400,
,,,02.916000000000,  -0.00240,
,,,02.920000000000,  -0.00320,
,,,02.924000000000,  -0.00320,
,,,02.928000000000,  -0.00320,
,,,02.932000000000,  -0.00160,
,,,02.936000000000,  -0.00160,
,,,02.940000000000,  -0.00160,
,,,02.944000000000,  -0.00080,
,,,02.948000000000,  -0.00080,
,,,02.952000000000,  -0.00160,
,,,02.956000000000,  -0.00080,
,,,02.960000000000,   0.00080,
,,,02.964000000000,  -0.00080,
,,,02.968000000000,  -0.00080,
,,,02.972000000000,   0.00000,
,,,02.976000000000,   0.00000,
,,,02.980000000000,  -0.00160,
,,,02.984000000000,   0.00080,
,,,02.988000000000,   0.00080,
,,,02.992000000000,   0.00000,
,,,02.996000000000,   0.00080,
,,,03.000000000000,   0.00160,
,,,03.004000000000,   0.00160,
,,,03.008000000000,   0.00160,
,,,03.012000000000,   0.00320,
,,,03.016000000000,   0.00320,
,,,03.020000000000,   0.00240,
,,,03.024000000000,   0.00400,
,,,03.028000000000,   0.00400,
,,,03.032000000000,   0.00240,
,,,03.036000000000,   0.00400,
,,,03.040000000000,   0.00400,
,,,03.044000000000,   0.00320,
,,,03.048000000000,   0.00320,
,,,03.052000000000,   0.00480,
,,,03.056000000000,   0.00480,
,,,03.060000000000,   0.00480,
,,,03.064000000000,   0.00480,
,,,03.068000000000,   0.00640,
,,,03.072000000000,   0.00480,
,,,03.076000000000,   0.00560,
,,,03.080000000000,   0.00640,
,,,03.084000000000,   0.00560,
,,,03.088000000000,   0.00480,
,,,03.092000000000,   0.00560,
,,,03.096000000000,   0.00640,
,,,03.100000000000,   0.00560,
,,,03.104000000000,   0.00560,
,,,03.108000000000,   0.00720,
,,,03.112000000000,   0.00640,
,,,03.116000000000,   0.00640,
,,,03.120000000000,   0.00720,
,,,03.124000000000,   0.00800,
,,,03.128000000000,   0.00640,
,,,03.132000000000,   0.00720,
,,,03.136000000000,   0.00800,
,,,03.140000000000,   0.00720,
,,,03.144000000000,   0.00640,
,,,03.148000000000,   0.00720,
,,,03.152000000000,   0.00720,
,,,03.156000000000,   0.00720,
,,,03.160000000000,   0.00720,
,,,03.164000000000,   0.00800,
,,,03.168000000000,   0.00720,
,,,03.172000000000,   0.00720,
,,,03.176000000000,   0.00880,
,,,03.180000000000,   0.00960,
,,,03.184000000000,   0.00800,
,,,03.188000000000,   0.01040,
,,,03.192000000000,   0.00960,
,,,03.196000000000,   0.00800,
,,,03.200000000000,   0.00960,
,,,03.204000000000,   0.01040,
,,,03.208000000000,   0.00720,
,,,03.212000000000,   0.00720,
,,,03.216000000000,   0.00960,
,,,03.220000000000,   0.00880,
,,,03.224000000000,   0.00880,
,,,03.228000000000,   0.00880,
,,,03.232000000000,   0.00960,
,,,03.236000000000,   0.00800,
,,,03.240000000000,   0.00960,
,,,03.244000000000,   0.01120,
,,,03.248000000000,   0.01040,
,,,03.252000000000,   0.00960,
,,,03.256000000000,   0.01040,
,,,03.260000000000,   0.01040,
,,,03.264000000000,   0.01040,
,,,03.268000000000,   0.01040,
,,,03.272000000000,   0.01040,
,,,03.276000000000,   0.00960,
,,,03.280000000000,   0.00960,
,,,03.284000000000,   0.01120,
,,,03.288000000000,   0.01040,
,,,03.292000000000,   0.00960,
,,,03.296000000000,   0.01040,
,,,03.300000000000,   0.01200,
,,,03.304000000000,   0.01040,
,,,03.308000000000,   0.01120,
,,,03.312000000000,   0.01200,
,,,03.316000000000,   0.01120,
,,,03.320000000000,   0.01040,
,,,03.324000000000,   0.01040,
,,,03.328000000000,   0.01120,
,,,03.332000000000,   0.00960,
,,,03.336000000000,   0.01040,
,,,03.340000000000,   0.01040,
,,,03.344000000000,   0.01040,
,,,03.348000000000,   0.01040,
,,,03.352000000000,   0.01120,
,,,03.356000000000,   0.01120,
,,,03.360000000000,   0.00960,
,,,03.364000000000,   0.01120,
,,,03.368000000000,   0.01200,
,,,03.372000000000,   0.01040,
,,,03.376000000000,   0.01040,
,,,03.380000000000,   0.01040,
,,,03.384000000000,   0.00960,
,,,03.388000000000,   0.00880,
,,,03.392000000000,   0.01040,
,,,03.396000000000,   0.00960,
,,,03.400000000000,   0.00960,
,,,03.404000000000,   0.01040,
,,,03.408000000000,   0.01040,
,,,03.412000000000,   0.01040,
,,,03.416000000000,   0.00960,
,,,03.420000000000,   0.01040,
,,,03.424000000000,   0.01040,
,,,03.428000000000,   0.00880,
,,,03.432000000000,   0.00960,
,,,03.436000000000,   0.01040,
,,,03.440000000000,   0.00960,
,,,03.444000000000,   0.00880,
,,,03.448000000000,   0.00960,
,,,03.452000000000,   0.00800,
,,,03.456000000000,   0.00800,
,,,03.460000000000,   0.00960,
,,,03.464000000000,   0.00960,
,,,03.468000000000,   0.00800,
,,,03.472000000000,   0.00880,
,,,03.476000000000,   0.00960,
,,,03.480000000000,   0.00880,
,,,03.484000000000,   0.00880,
,,,03.488000000000,   0.00960,
,,,03.492000000000,   0.00800,
,,,03.496000000000,   0.00800,
,,,03.500000000000,   0.00880,
,,,03.504000000000,   0.00880,
,,,03.508000000000,   0.00720,
,,,03.512000000000,   0.00720,
,,,03.516000000000,   0.00800,
,,,03.520000000000,   0.00720,
,,,03.524000000000,   0.00720,
,,,03.528000000000,   0.00800,
,,,03.532000000000,   0.00800,
,,,03.536000000000,   0.00720,
,,,03.540000000000,   0.00800,
,,,03.544000000000,   0.00800,
,,,03.548000000000,   0.00720,
,,,03.552000000000,   0.00800,
,,,03.556000000000,   0.00880,
,,,03.560000000000,   0.00720,
,,,03.564000000000,   0.00640,
,,,03.568000000000,   0.00720,
,,,03.572000000000,   0.00800,
,,,03.576000000000,   0.00560,
,,,03.580000000000,   0.00640,
,,,03.584000000000,   0.00720,
,,,03.588000000000,   0.00640,
,,,03.592000000000,   0.00640,
,,,03.596000000000,   0.00720,
,,,03.600000000000,   0.00720,
,,,03.604000000000,   0.00560,
,,,03.608000000000,   0.00640,
,,,03.612000000000,   0.00720,
,,,03.616000000000,   0.00560,
,,,03.620000000000,   0.00560,
,,,03.624000000000,   0.00640,
,,,03.628000000000,   0.00560,
,,,03.632000000000,   0.00400,
,,,03.636000000000,   0.00560,
,,,03.640000000000,   0.00480,
,,,03.644000000000,   0.00400,
,,,03.648000000000,   0.00400,
,,,03.652000000000,   0.00560,
,,,03.656000000000,   0.00560,
,,,03.660000000000,   0.00400,
,,,03.664000000000,   0.00560,
,,,03.668000000000,   0.00480,
,,,03.672000000000,   0.00240,
,,,03.676000000000,   0.00320,
,,,03.680000000000,   0.00400,
,,,03.684000000000,   0.00320,
,,,03.688000000000,   0.00240,
,,,03.692000000000,   0.00400,
,,,03.696000000000,   0.00240,
,,,03.700000000000,   0.00240,
,,,03.704000000000,   0.00320,
,,,03.708000000000,   0.00320,
,,,03.712000000000,   0.00240,
,,,03.716000000000,   0.00240,
,,,03.720000000000,   0.00320,
,,,03.724000000000,   0.00240,
,,,03.728000000000,   0.00160,
,,,03.732000000000,   0.00240,
,,,03.736000000000,   0.00240,
,,,03.740000000000,   0.00000,
,,,03.744000000000,   0.00160,
,,,03.748000000000,   0.00240,
,,,03.752000000000,   0.00080,
,,,03.756000000000,   0.00080,
,,,03.760000000000,   0.00080,
,,,03.764000000000,   0.00160,
,,,03.768000000000,   0.00080,
,,,03.772000000000,   0.00160,
,,,03.776000000000,   0.00240,
,,,03.780000000000,   0.00080,
,,,03.784000000000,   0.00160,
,,,03.788000000000,   0.00080,
,,,03.792000000000,   0.00000,
,,,03.796000000000,   0.00000,
,,,03.800000000000,   0.00080,
,,,03.804000000000,   0.00000,
,,,03.808000000000,  -0.00080,
,,,03.812000000000,   0.00000,
,,,03.816000000000,   0.00080,
,,,03.820000000000,   0.00000,
,,,03.824000000000,   0.00000,
,,,03.828000000000,   0.00000,
,,,03.832000000000,   0.00080,
,,,03.836000000000,  -0.00080,
,,,03.840000000000,   0.00000,
,,,03.844000000000,   0.00080,
,,,03.848000000000,  -0.00160,
,,,03.852000000000,  -0.00080,
,,,03.856000000000,   0.00000,
,,,03.860000000000,  -0.00080,
,,,03.864000000000,  -0.00160,
,,,03.868000000000,   0.00000,
,,,03.872000000000,   0.00000,
,,,03.876000000000,  -0.00160,
,,,03.880000000000,   0.00000,
,,,03.884000000000,   0.00000,
,,,03.888000000000,  -0.00160,
,,,03.892000000000,  -0.00080,
,,,03.896000000000,  -0.00080,
,,,03.900000000000,  -0.00080,
,,,03.904000000000,  -0.00240,
,,,03.908000000000,  -0.00080,
,,,03.912000000000,  -0.00080,
,,,03.916000000000,  -0.00240,
,,,03.920000000000,  -0.00160,
,,,03.924000000000,  -0.00080,
,,,03.928000000000,  -0.00240,
,,,03.932000000000,  -0.00240,
,,,03.936000000000,  -0.00080,
,,,03.940000000000,  -0.00080,
,,,03.944000000000,  -0.00240,
,,,03.948000000000,  -0.00160,
,,,03.952000000000,  -0.00160,
,,,03.956000000000,  -0.00160,
,,,03.960000000000,  -0.00240,
,,,03.964000000000,  -0.00160,
,,,03.968000000000,  -0.00160,
,,,03.972000000000,  -0.00320,
,,,03.976000000000,  -0.00240,
,,,03.980000000000,  -0.00160,
,,,03.984000000000,  -0.00240,
,,,03.988000000000,  -0.00320,
,,,03.992000000000,  -0.00240,
,,,03.996000000000,  -0.00240,
,,,04.000000000000,  -0.00320,
,,,04.004000000000,  -0.00160,
,,,04.008000000000,  -0.00240,
,,,04.012000000000,  -0.00240,
,,,04.016000000000,  -0.00160,
,,,04.020000000000,  -0.00240,
,,,04.024000000000,  -0.00320,
,,,04.028000000000,  -0.00320,
,,,04.032000000000,  -0.00240,
,,,04.036000000000,  -0.00240,
,,,04.040000000000,  -0.00320,
,,,04.044000000000,  -0.00240,
,,,04.048000000000,  -0.00240,
,,,04.052000000000,  -0.00320,
,,,04.056000000000,  -0.00240,
,,,04.060000000000,  -0.00160,
,,,04.064000000000,  -0.00240,
,,,04.068000000000,  -0.00320,
,,,04.072000000000,  -0.00160,
,,,04.076000000000,  -0.00320,
,,,04.080000000000,  -0.00240,
,,,04.084000000000,  -0.00240,
,,,04.088000000000,  -0.00080,
,,,04.092000000000,  -0.00320,
,,,04.096000000000,  -0.00320,
,,,04.100000000000,  -0.00240,
,,,04.104000000000,  -0.00160,
,,,04.108000000000,  -0.00320,
,,,04.112000000000,  -0.00160,
,,,04.116000000000,  -0.00160,
,,,04.120000000000,  -0.00320,
,,,04.124000000000,  -0.00240,
,,,04.128000000000,  -0.00160,
,,,04.132000000000,  -0.00160,
,,,04.136000000000,  -0.00240,
,,,04.140000000000,  -0.00080,
,,,04.144000000000,  -0.00160,
,,,04.148000000000,  -0.00320,
,,,04.152000000000,  -0.00160,
,,,04.156000000000,  -0.00080,
,,,04.160000000000,  -0.00240,
,,,04.164000000000,  -0.00240,
,,,04.168000000000,  -0.00160,
,,,04.172000000000,  -0.00160,
,,,04.176000000000,  -0.00240,
,,,04.180000000000,  -0.00160,
,,,04.184000000000,  -0.00160,
,,,04.188000000000,  -0.00320,
,,,04.192000000000,  -0.00160,
,,,04.196000000000,  -0.00080,
,,,04.200000000000,  -0.00160,
,,,04.204000000000,  -0.00240,
,,,04.208000000000,  -0.00160,
,,,04.212000000000,  -0.00160,
,,,04.216000000000,  -0.00240,
,,,04.220000000000,  -0.00160,
,,,04.224000000000,  -0.00160,
,,,04.228000000000,  -0.00320,
,,,04.232000000000,  -0.00240,
,,,04.236000000000,  -0.00160,
,,,04.240000000000,  -0.00160,
,,,04.244000000000,  -0.00240,
,,,04.248000000000,  -0.00160,
,,,04.252000000000,  -0.00160,
,,,04.256000000000,  -0.00240,
,,,04.260000000000,  -0.00160,
,,,04.264000000000,  -0.00080,
,,,04.268000000000,  -0.00160,
,,,04.272000000000,  -0.00080,
,,,04.276000000000,  -0.00160,
,,,04.280000000000,  -0.00160,
,,,04.284000000000,  -0.00160,
,,,04.288000000000,  -0.00160,
,,,04.292000000000,  -0.00080,
,,,04.296000000000,  -0.00160,
,,,04.300000000000,  -0.00080,
,,,04.304000000000,  -0.00080,
,,,04.308000000000,  -0.00080,
,,,04.312000000000,  -0.00080,
,,,04.316000000000,   0.00000,
,,,04.320000000000,   0.00000,
,,,04.324000000000,  -0.00160,
,,,04.328000000000,  -0.00080,
,,,04.332000000000,   0.00080,
,,,04.336000000000,  -0.00160,
,,,04.340000000000,  -0.00080,
,,,04.344000000000,   0.00080,
,,,04.348000000000,   0.00000,
,,,04.352000000000,  -0.00080,
,,,04.356000000000,   0.00000,
,,,04.360000000000,   0.00080,
,,,04.364000000000,   0.00000,
,,,04.368000000000,   0.00080,
,,,04.372000000000,   0.00080,
,,,04.376000000000,   0.00080,
,,,04.380000000000,   0.00000,
,,,04.384000000000,   0.00240,
,,,04.388000000000,   0.00160,
,,,04.392000000000,   0.00000,
,,,04.396000000000,   0.00080,
,,,04.400000000000,   0.00160,
,,,04.404000000000,   0.00000,
,,,04.408000000000,   0.00000,
,,,04.412000000000,   0.00160,
,,,04.416000000000,   0.00080,
,,,04.420000000000,   0.00080,
,,,04.424000000000,   0.00160,
,,,04.428000000000,   0.00240,
,,,04.432000000000,   0.00080,
,,,04.436000000000,   0.00240,
,,,04.440000000000,   0.00240,
,,,04.444000000000,   0.00160,
,,,04.448000000000,   0.00080,
,,,04.452000000000,   0.00240,
,,,04.456000000000,   0.00240,
,,,04.460000000000,   0.00160,
,,,04.464000000000,   0.00080,
,,,04.468000000000,   0.00240,
,,,04.472000000000,   0.00160,
,,,04.476000000000,   0.00160,
,,,04.480000000000,   0.00240,
,,,04.484000000000,   0.00160,
,,,04.488000000000,   0.00160,
,,,04.492000000000,   0.00240,
,,,04.496000000000,   0.00320,
,,,04.500000000000,   0.00160,
,,,04.504000000000,   0.00160,
,,,04.508000000000,   0.00240,
,,,04.512000000000,   0.00160,
,,,04.516000000000,   0.00160,
,,,04.520000000000,   0.00320,
,,,04.524000000000,   0.00320,
,,,04.528000000000,   0.00160,
,,,04.532000000000,   0.00160,
,,,04.536000000000,   0.00240,
,,,04.540000000000,   0.00240,
,,,04.544000000000,   0.00240,
,,,04.548000000000,   0.00400,
,,,04.552000000000,   0.00240,
,,,04.556000000000,   0.00240,
,,,04.560000000000,   0.00400,
,,,04.564000000000,   0.00400,
,,,04.568000000000,   0.00240,
,,,04.572000000000,   0.00320,
,,,04.576000000000,   0.00480,
,,,04.580000000000,   0.00400,
,,,04.584000000000,   0.00240,
,,,04.588000000000,   0.00400,
,,,04.592000000000,   0.00320,
,,,04.596000000000,   0.00240,
,,,04.600000000000,   0.00320,
,,,04.604000000000,   0.00400,
,,,04.608000000000,   0.00400,
,,,04.612000000000,   0.00320,
,,,04.616000000000,   0.00480,
,,,04.620000000000,   0.00400,
,,,04.624000000000,   0.00400,
,,,04.628000000000,   0.00400,
,,,04.632000000000,   0.00560,
,,,04.636000000000,   0.00320,
,,,04.640000000000,   0.00320,
,,,04.644000000000,   0.00480,
,,,04.648000000000,   0.00400,
,,,04.652000000000,   0.00320,
,,,04.656000000000,   0.00400,
,,,04.660000000000,   0.00480,
,,,04.664000000000,   0.00400,
,,,04.668000000000,   0.00480,
,,,04.672000000000,   0.00640,
,,,04.676000000000,   0.00480,
,,,04.680000000000,   0.00400,
,,,04.684000000000,   0.00480,
,,,04.688000000000,   0.00480,
,,,04.692000000000,   0.00320,
,,,04.696000000000,   0.00480,
,,,04.700000000000,   0.00560,
,,,04.704000000000,   0.00400,
,,,04.708000000000,   0.00400,
,,,04.712000000000,   0.00480,
,,,04.716000000000,   0.00480,
,,,04.720000000000,   0.00400,
,,,04.724000000000,   0.00560,
,,,04.728000000000,   0.00480,
,,,04.732000000000,   0.00400,
,,,04.736000000000,   0.00480,
,,,04.740000000000,   0.00560,
,,,04.744000000000,   0.00320,
,,,04.748000000000,   0.00320,
,,,04.752000000000,   0.00480,
,,,04.756000000000,   0.00480,
,,,04.760000000000,   0.00240,
,,,04.764000000000,   0.00480,
,,,04.768000000000,   0.00480,
,,,04.772000000000,   0.00400,
,,,04.776000000000,   0.00480,
,,,04.780000000000,   0.00480,
,,,04.784000000000,   0.00480,
,,,04.788000000000,   0.00400,
,,,04.792000000000,   0.00480,
,,,04.796000000000,   0.00560,
,,,04.800000000000,   0.00400,
,,,04.804000000000,   0.00400,
,,,04.808000000000,   0.00480,
,,,04.812000000000,   0.00480,
,,,04.816000000000,   0.00480,
,,,04.820000000000,   0.00480,
,,,04.824000000000,   0.00400,
,,,04.828000000000,   0.00400,
,,,04.832000000000,   0.00480,
,,,04.836000000000,   0.00560,
,,,04.840000000000,   0.00480,
,,,04.844000000000,   0.00400,
,,,04.848000000000,   0.00640,
,,,04.852000000000,   0.00560,
,,,04.856000000000,   0.00400,
,,,04.860000000000,   0.00480,
,,,04.864000000000,   0.00480,
,,,04.868000000000,   0.00400,
,,,04.872000000000,   0.00480,
,,,04.876000000000,   0.00480,
,,,04.880000000000,   0.00480,
,,,04.884000000000,   0.00400,
,,,04.888000000000,   0.00480,
,,,04.892000000000,   0.00480,
,,,04.896000000000,   0.00400,
,,,04.900000000000,   0.00480,
,,,04.904000000000,   0.00560,
,,,04.908000000000,   0.00480,
,,,04.912000000000,   0.00480,
,,,04.916000000000,   0.00560,
,,,04.920000000000,   0.00480,
,,,04.924000000000,   0.00400,
,,,04.928000000000,   0.00560,
,,,04.932000000000,   0.00480,
,,,04.936000000000,   0.00400,
,,,04.940000000000,   0.00400,
,,,04.944000000000,   0.00560,
,,,04.948000000000,   0.00480,
,,,04.952000000000,   0.00400,
,,,04.956000000000,   0.00560,
,,,04.960000000000,   0.00480,
,,,04.964000000000,   0.00320,
,,,04.968000000000,   0.00400,
,,,04.972000000000,   0.00480,
,,,04.976000000000,   0.00320,
,,,04.980000000000,   0.00400,
,,,04.984000000000,   0.00400,
,,,04.988000000000,   0.00400,
,,,04.992000000000,   0.00320,
,,,04.996000000000,   0.00400,
,,,05.000000000000,   0.00400,
,,,05.004000000000,   0.00320,
,,,05.008000000000,   0.00400,
,,,05.012000000000,   0.00480,
,,,05.016000000000,   0.00320,
,,,05.020000000000,   0.00320,
,,,05.024000000000,   0.00480,
,,,05.028000000000,   0.00320,
,,,05.032000000000,   0.00320,
,,,05.036000000000,   0.00400,
,,,05.040000000000,   0.00400,
,,,05.044000000000,   0.00240,
,,,05.048000000000,   0.00240,
,,,05.052000000000,   0.00480,
,,,05.056000000000,   0.00240,
,,,05.060000000000,   0.00240,
,,,05.064000000000,   0.00480,
,,,05.068000000000,   0.00400,
,,,05.072000000000,   0.00240,
,,,05.076000000000,   0.00320,
,,,05.080000000000,   0.00320,
,,,05.084000000000,   0.00240,
,,,05.088000000000,   0.00240,
,,,05.092000000000,   0.00400,
,,,05.096000000000,   0.00400,
,,,05.100000000000,   0.00240,
,,,05.104000000000,   0.00320,
,,,05.108000000000,   0.00240,
,,,05.112000000000,   0.00240,
,,,05.116000000000,   0.00320,
,,,05.120000000000,   0.00480,
,,,05.124000000000,   0.00400,
,,,05.128000000000,   0.00320,
,,,05.132000000000,   0.00320,
,,,05.136000000000,   0.00400,
,,,05.140000000000,   0.00320,
,,,05.144000000000,   0.00320,
,,,05.148000000000,   0.00320,
,,,05.152000000000,   0.00240,
,,,05.156000000000,   0.00240,
,,,05.160000000000,   0.00320,
,,,05.164000000000,   0.00240,
,,,05.168000000000,   0.00160,
,,,05.172000000000,   0.00320,
,,,05.176000000000,   0.00320,
,,,05.180000000000,   0.00160,
,,,05.184000000000,   0.00240,
,,,05.188000000000,   0.00320,
,,,05.192000000000,   0.00240,
,,,05.196000000000,   0.00240,
,,,05.200000000000,   0.00320,
,,,05.204000000000,   0.00320,
,,,05.208000000000,   0.00240,
,,,05.212000000000,   0.00240,
,,,05.216000000000,   0.00240,
,,,05.220000000000,   0.00160,
,,,05.224000000000,   0.00080,
,,,05.228000000000,   0.00240,
,,,05.232000000000,   0.00240,
,,,05.236000000000,   0.00160,
,,,05.240000000000,   0.00160,
,,,05.244000000000,   0.00240,
,,,05.248000000000,   0.00160,
,,,05.252000000000,   0.00160,
,,,05.256000000000,   0.00320,
,,,05.260000000000,   0.00160,
,,,05.264000000000,   0.00080,
,,,05.268000000000,   0.00160,
,,,05.272000000000,   0.00160,
,,,05.276000000000,   0.00000,
,,,05.280000000000,   0.00080,
,,,05.284000000000,   0.00240,
,,,05.288000000000,   0.00000,
,,,05.292000000000,   0.00080,
,,,05.296000000000,   0.00160,
,,,05.300000000000,   0.00160,
,,,05.304000000000,   0.00080,
,,,05.308000000000,   0.00240,
,,,05.312000000000,   0.00080,
,,,05.316000000000,   0.00080,
,,,05.320000000000,   0.00080,
,,,05.324000000000,   0.00240,
,,,05.328000000000,   0.00160,
,,,05.332000000000,   0.00000,
,,,05.336000000000,   0.00240,
,,,05.340000000000,   0.00160,
,,,05.344000000000,  -0.00080,
,,,05.348000000000,   0.00080,
,,,05.352000000000,   0.00160,
,,,05.356000000000,   0.00080,
,,,05.360000000000,   0.00000,
,,,05.364000000000,   0.00240,
,,,05.368000000000,   0.00080,
,,,05.372000000000,   0.00160,
,,,05.376000000000,   0.00240,
,,,05.380000000000,   0.00160,
,,,05.384000000000,   0.00080,
,,,05.388000000000,   0.00080,
,,,05.392000000000,   0.00160,
,,,05.396000000000,   0.00080,
,,,05.400000000000,   0.00000,
,,,05.404000000000,   0.00080,
,,,05.408000000000,   0.00080,
,,,05.412000000000,   0.00000,
,,,05.416000000000,   0.00080,
,,,05.420000000000,   0.00160,
,,,05.424000000000,   0.00000,
,,,05.428000000000,   0.00080,
,,,05.432000000000,   0.00160,
,,,05.436000000000,   0.00160,
,,,05.440000000000,   0.00080,
,,,05.444000000000,   0.00080,
,,,05.448000000000,   0.00240,
,,,05.452000000000,   0.00000,
,,,05.456000000000,   0.00080,
,,,05.460000000000,   0.00080,
,,,05.464000000000,   0.00000,
,,,05.468000000000,   0.00000,
,,,05.472000000000,   0.00000,
,,,05.476000000000,   0.00000,
,,,05.480000000000,   0.00000,
,,,05.484000000000,   0.00080,
,,,05.488000000000,   0.00160,
,,,05.492000000000,   0.00080,
,,,05.496000000000,   0.00080,
,,,05.500000000000,   0.00080,
,,,05.504000000000,   0.00080,
,,,05.508000000000,   0.00000,
,,,05.512000000000,   0.00000,
,,,05.516000000000,   0.00080,
,,,05.520000000000,   0.00000,
,,,05.524000000000,   0.00000,
,,,05.528000000000,   0.00080,
,,,05.532000000000,   0.00000,
,,,05.536000000000,  -0.00080,
,,,05.540000000000,   0.00160,
,,,05.544000000000,   0.00080,
,,,05.548000000000,  -0.00080,
,,,05.552000000000,   0.00080,
,,,05.556000000000,   0.00080,
,,,05.560000000000,   0.00000,
,,,05.564000000000,   0.00080,
,,,05.568000000000,   0.00160,
,,,05.572000000000,   0.00000,
,,,05.576000000000,  -0.00080,
,,,05.580000000000,   0.00080,
,,,05.584000000000,   0.00080,
,,,05.588000000000,  -0.00080,
,,,05.592000000000,   0.00000,
,,,05.596000000000,   0.00080,
,,,05.600000000000,   0.00080,
,,,05.604000000000,   0.00000,
,,,05.608000000000,   0.00080,
,,,05.612000000000,   0.00160,
,,,05.616000000000,  -0.00080,
,,,05.620000000000,   0.00160,
,,,05.624000000000,   0.00240,
,,,05.628000000000,   0.00000,
,,,05.632000000000,   0.00000,
,,,05.636000000000,   0.00160,
,,,05.640000000000,   0.00000,
,,,05.644000000000,   0.00000,
,,,05.648000000000,   0.00080,
,,,05.652000000000,   0.00080,
,,,05.656000000000,   0.00000,
,,,05.660000000000,   0.00080,
,,,05.664000000000,   0.00160,
,,,05.668000000000,   0.00160,
,,,05.672000000000,   0.00080,
,,,05.676000000000,   0.00160,
,,,05.680000000000,   0.00160,
,,,05.684000000000,   0.00080,
,,,05.688000000000,   0.00080,
,,,05.692000000000,   0.00160,
,,,05.696000000000,   0.00000,
,,,05.700000000000,   0.00080,
,,,05.704000000000,   0.00160,
,,,05.708000000000,   0.00080,
,,,05.712000000000,   0.00000,
,,,05.716000000000,   0.00160,
,,,05.720000000000,   0.00160,
,,,05.724000000000,   0.00080,
,,,05.728000000000,   0.00080,
,,,05.732000000000,   0.00240,
,,,05.736000000000,   0.00160,
,,,05.740000000000,   0.00160,
,,,05.744000000000,   0.00240,
,,,05.748000000000,   0.00160,
,,,05.752000000000,   0.00080,
,,,05.756000000000,   0.00080,
,,,05.760000000000,   0.00160,
,,,05.764000000000,   0.00080,
,,,05.768000000000,   0.00080,
,,,05.772000000000,   0.00160,
,,,05.776000000000,   0.00160,
,,,05.780000000000,   0.00080,
,,,05.784000000000,   0.00080,
,,,05.788000000000,   0.00240,
,,,05.792000000000,   0.00000,
,,,05.796000000000,   0.00160,
,,,05.800000000000,   0.00160,
,,,05.804000000000,   0.00080,
,,,05.808000000000,   0.00000,
,,,05.812000000000,   0.00240,
,,,05.816000000000,   0.00000,
,,,05.820000000000,   0.00000,
,,,05.824000000000,   0.00000,
,,,05.828000000000,   0.00160,
,,,05.832000000000,   0.00000,
,,,05.836000000000,   0.00080,
,,,05.840000000000,   0.00240,
,,,05.844000000000,   0.00160,
,,,05.848000000000,   0.00080,
,,,05.852000000000,   0.00160,
,,,05.856000000000,   0.00240,
,,,05.860000000000,   0.00000,
,,,05.864000000000,   0.00160,
,,,05.868000000000,   0.00240,
,,,05.872000000000,   0.00160,
,,,05.876000000000,   0.00000,
,,,05.880000000000,   0.00240,
,,,05.884000000000,   0.00160,
,,,05.888000000000,   0.00080,
,,,05.892000000000,   0.00160,
,,,05.896000000000,   0.00160,
,,,05.900000000000,   0.00080,
,,,05.904000000000,   0.00240,
,,,05.908000000000,   0.00240,
,,,05.912000000000,   0.00240,
,,,05.916000000000,   0.00160,
,,,05.920000000000,   0.00240,
,,,05.924000000000,   0.00240,
,,,05.928000000000,   0.00080,
,,,05.932000000000,   0.00240,
,,,05.936000000000,   0.00240,
,,,05.940000000000,   0.00160,
,,,05.944000000000,   0.00080,
,,,05.948000000000,   0.00240,
,,,05.952000000000,   0.00160,
,,,05.956000000000,   0.00160,
,,,05.960000000000,   0.00320,
,,,05.964000000000,   0.00320,
,,,05.968000000000,   0.00240,
,,,05.972000000000,   0.00240,
,,,05.976000000000,   0.00320,
,,,05.980000000000,   0.00240,
,,,05.984000000000,   0.00240,
,,,05.988000000000,   0.00240,
,,,05.992000000000,   0.00320,
,,,05.996000000000,   0.00080,
,,,06.000000000000,   0.00160,
,,,06.004000000000,   0.00240,
,,,06.008000000000,   0.00160,
,,,06.012000000000,   0.00240,
,,,06.016000000000,   0.00240,
,,,06.020000000000,   0.00320,
,,,06.024000000000,   0.00080,
,,,06.028000000000,   0.00240,
,,,06.032000000000,   0.00320,
,,,06.036000000000,   0.00240,
,,,06.040000000000,   0.00240,
,,,06.044000000000,   0.00320,
,,,06.048000000000,   0.00320,
,,,06.052000000000,   0.00160,
,,,06.056000000000,   0.00240,
,,,06.060000000000,   0.00240,
,,,06.064000000000,   0.00080,
,,,06.068000000000,   0.00160,
,,,06.072000000000,   0.00320,
,,,06.076000000000,   0.00240,
,,,06.080000000000,   0.00240,
,,,06.084000000000,   0.00320,
,,,06.088000000000,   0.00240,
,,,06.092000000000,   0.00160,
,,,06.096000000000,   0.00240,
,,,06.100000000000,   0.00400,
,,,06.104000000000,   0.00160,
,,,06.108000000000,   0.00080,
,,,06.112000000000,   0.00240,
,,,06.116000000000,   0.00240,
,,,06.120000000000,   0.00160,
,,,06.124000000000,   0.00240,
,,,06.128000000000,   0.00400,
,,,06.132000000000,   0.00240,
,,,06.136000000000,   0.00320,
,,,06.140000000000,   0.00400,
,,,06.144000000000,   0.00240,
,,,06.148000000000,   0.00240,
,,,06.152000000000,   0.00320,
,,,06.156000000000,   0.00320,
,,,06.160000000000,   0.00240,
,,,06.164000000000,   0.00320,
,,,06.168000000000,   0.00320,
,,,06.172000000000,   0.00240,
,,,06.176000000000,   0.00240,
,,,06.180000000000,   0.00320,
,,,06.184000000000,   0.00160,
,,,06.188000000000,   0.00240,
,,,06.192000000000,   0.00320,
,,,06.196000000000,   0.00320,
,,,06.200000000000,   0.00160,
,,,06.204000000000,   0.00240,
,,,06.208000000000,   0.00400,
,,,06.212000000000,   0.00320,
,,,06.216000000000,   0.00320,
,,,06.220000000000,   0.00400,
,,,06.224000000000,   0.00320,
,,,06.228000000000,   0.00240,
,,,06.232000000000,   0.00320,
,,,06.236000000000,   0.00320,
,,,06.240000000000,   0.00160,
,,,06.244000000000,   0.00240,
,,,06.248000000000,   0.00480,
,,,06.252000000000,   0.00320,
,,,06.256000000000,   0.00160,
,,,06.260000000000,   0.00400,
,,,06.264000000000,   0.00480,
,,,06.268000000000,   0.00240,
,,,06.272000000000,   0.00400,
,,,06.276000000000,   0.00400,
,,,06.280000000000,   0.00240,
,,,06.284000000000,   0.00240,
,,,06.288000000000,   0.00400,
,,,06.292000000000,   0.00240,
,,,06.296000000000,   0.00240,
,,,06.300000000000,   0.00240,
,,,06.304000000000,   0.00240,
,,,06.308000000000,   0.00160,
,,,06.312000000000,   0.00240,
,,,06.316000000000,   0.00320,
,,,06.320000000000,   0.00240,
,,,06.324000000000,   0.00240,
,,,06.328000000000,   0.00320,
,,,06.332000000000,   0.00400,
,,,06.336000000000,   0.00240,
,,,06.340000000000,   0.00240,
,,,06.344000000000,   0.00320,
,,,06.348000000000,   0.00320,
,,,06.352000000000,   0.00240,
,,,06.356000000000,   0.00320,
,,,06.360000000000,   0.00240,
,,,06.364000000000,   0.00080,
,,,06.368000000000,   0.00160,
,,,06.372000000000,   0.00320,
,,,06.376000000000,   0.00240,
,,,06.380000000000,   0.00160,
,,,06.384000000000,   0.00400,
,,,06.388000000000,   0.00320,
,,,06.392000000000,   0.00240,
,,,06.396000000000,   0.00400,
,,,06.400000000000,   0.00400,
,,,06.404000000000,   0.00240,
,,,06.408000000000,   0.00240,
,,,06.412000000000,   0.00320,
,,,06.416000000000,   0.00240,
,,,06.420000000000,   0.00160,
,,,06.424000000000,   0.00240,
,,,06.428000000000,   0.00240,
,,,06.432000000000,   0.00160,
,,,06.436000000000,   0.00160,
,,,06.440000000000,   0.00400,
,,,06.444000000000,   0.00240,
,,,06.448000000000,   0.00240,
,,,06.452000000000,   0.00400,
,,,06.456000000000,   0.00320,
,,,06.460000000000,   0.00240,
,,,06.464000000000,   0.00320,
,,,06.468000000000,   0.00320,
,,,06.472000000000,   0.00240,
,,,06.476000000000,   0.00240,
,,,06.480000000000,   0.00240,
,,,06.484000000000,   0.00240,
,,,06.488000000000,   0.00160,
,,,06.492000000000,   0.00320,
,,,06.496000000000,   0.00240,
,,,06.500000000000,   0.00240,
,,,06.504000000000,   0.00320,
,,,06.508000000000,   0.00400,
,,,06.512000000000,   0.00240,
,,,06.516000000000,   0.00240,
,,,06.520000000000,   0.00320,
,,,06.524000000000,   0.00320,
,,,06.528000000000,   0.00240,
,,,06.532000000000,   0.00240,
,,,06.536000000000,   0.00240,
,,,06.540000000000,   0.00160,
,,,06.544000000000,   0.00240,
,,,06.548000000000,   0.00240,
,,,06.552000000000,   0.00080,
,,,06.556000000000,   0.00240,
,,,06.560000000000,   0.00240,
,,,06.564000000000,   0.00320,
,,,06.568000000000,   0.00160,
,,,06.572000000000,   0.00240,
,,,06.576000000000,   0.00320,
,,,06.580000000000,   0.00160,
,,,06.584000000000,   0.00240,
,,,06.588000000000,   0.00320,
,,,06.592000000000,   0.00160,
,,,06.596000000000,   0.00080,
,,,06.600000000000,   0.00240,
,,,06.604000000000,   0.00240,
,,,06.608000000000,   0.00160,
,,,06.612000000000,   0.00160,
,,,06.616000000000,   0.00320,
,,,06.620000000000,   0.00240,
,,,06.624000000000,   0.00160,
,,,06.628000000000,   0.00320,
,,,06.632000000000,   0.00240,
,,,06.636000000000,   0.00080,
,,,06.640000000000,   0.00240,
,,,06.644000000000,   0.00240,
,,,06.648000000000,   0.00160,
,,,06.652000000000,   0.00240,
,,,06.656000000000,   0.00160,
,,,06.660000000000,   0.00160,
,,,06.664000000000,   0.00000,
,,,06.668000000000,   0.00160,
,,,06.672000000000,   0.00240,
,,,06.676000000000,   0.00080,
,,,06.680000000000,   0.00160,
,,,06.684000000000,   0.00320,
,,,06.688000000000,   0.00240,
,,,06.692000000000,   0.00240,
,,,06.696000000000,   0.00240,
,,,06.700000000000,   0.00240,
,,,06.704000000000,   0.00160,
,,,06.708000000000,   0.00240,
,,,06.712000000000,   0.00240,
,,,06.716000000000,   0.00160,
,,,06.720000000000,   0.00080,
,,,06.724000000000,   0.00320,
,,,06.728000000000,   0.00160,
,,,06.732000000000,   0.00160,
,,,06.736000000000,   0.00240,
,,,06.740000000000,   0.00240,
,,,06.744000000000,   0.00080,
,,,06.748000000000,   0.00240,
,,,06.752000000000,   0.00320,
,,,06.756000000000,   0.00240,
,,,06.760000000000,   0.00160,
,,,06.764000000000,   0.00160,
,,,06.768000000000,   0.00160,
,,,06.772000000000,   0.00080,
,,,06.776000000000,   0.00160,
,,,06.780000000000,   0.00160,
,,,06.784000000000,   0.00080,
,,,06.788000000000,   0.00160,
,,,06.792000000000,   0.00240,
,,,06.796000000000,   0.00160,
,,,06.800000000000,   0.00160,
,,,06.804000000000,   0.00240,
,,,06.808000000000,   0.00240,
,,,06.812000000000,   0.00160,
,,,06.816000000000,   0.00160,
,,,06.820000000000,   0.00240,
,,,06.824000000000,   0.00160,
,,,06.828000000000,   0.00080,
,,,06.832000000000,   0.00240,
,,,06.836000000000,   0.00240,
,,,06.840000000000,   0.00160,
,,,06.844000000000,   0.00160,
,,,06.848000000000,   0.00240,
,,,06.852000000000,   0.00080,
,,,06.856000000000,   0.00080,
,,,06.860000000000,   0.00240,
,,,06.864000000000,   0.00160,
,,,06.868000000000,   0.00080,
,,,06.872000000000,   0.00240,
,,,06.876000000000,   0.00240,
,,,06.880000000000,   0.00160,
,,,06.884000000000,   0.00240,
,,,06.888000000000,   0.00240,
,,,06.892000000000,   0.00160,
,,,06.896000000000,   0.00000,
,,,06.900000000000,   0.00160,
,,,06.904000000000,   0.00160,
,,,06.908000000000,   0.00000,
,,,06.912000000000,   0.00080,
,,,06.916000000000,   0.00240,
,,,06.920000000000,   0.00160,
,,,06.924000000000,   0.00160,
,,,06.928000000000,   0.00240,
,,,06.932000000000,   0.00080,
,,,06.936000000000,   0.00160,
,,,06.940000000000,   0.00160,
,,,06.944000000000,   0.00160,
,,,06.948000000000,   0.00160,
,,,06.952000000000,   0.00080,
,,,06.956000000000,   0.00160,
,,,06.960000000000,   0.00080,
,,,06.964000000000,   0.00000,
,,,06.968000000000,   0.00240,
,,,06.972000000000,   0.00240,
,,,06.976000000000,   0.00080,
,,,06.980000000000,   0.00160,
,,,06.984000000000,   0.00240,
,,,06.988000000000,   0.00160,
,,,06.992000000000,   0.00160,
,,,06.996000000000,   0.00240,
,,,07.000000000000,   0.00240,
,,,07.004000000000,   0.00080,
,,,07.008000000000,   0.00160,
,,,07.012000000000,   0.00160,
,,,07.016000000000,   0.00000,
,,,07.020000000000,   0.00160,
,,,07.024000000000,   0.00160,
,,,07.028000000000,   0.00000,
,,,07.032000000000,   0.00080,
,,,07.036000000000,   0.00320,
,,,07.040000000000,   0.00160,
,,,07.044000000000,   0.00160,
,,,07.048000000000,   0.00160,
,,,07.052000000000,   0.00240,
,,,07.056000000000,   0.00080,
,,,07.060000000000,   0.00160,
,,,07.064000000000,   0.00240,
,,,07.068000000000,   0.00080,
,,,07.072000000000,   0.00080,
,,,07.076000000000,   0.00240,
,,,07.080000000000,   0.00080,
,,,07.084000000000,   0.00000,
,,,07.088000000000,   0.00160,
,,,07.092000000000,   0.00240,
,,,07.096000000000,   0.00080,
,,,07.100000000000,   0.00160,
,,,07.104000000000,   0.00240,
,,,07.108000000000,   0.00240,
,,,07.112000000000,   0.00160,
,,,07.116000000000,   0.00080,
,,,07.120000000000,   0.00160,
,,,07.124000000000,   0.00080,
,,,07.128000000000,   0.00080,
,,,07.132000000000,   0.00240,
,,,07.136000000000,   0.00080,
,,,07.140000000000,   0.00000,
,,,07.144000000000,   0.00160,
,,,07.148000000000,   0.00240,
,,,07.152000000000,   0.00160,
,,,07.156000000000,   0.00160,
,,,07.160000000000,   0.00240,
,,,07.164000000000,   0.00080,
,,,07.168000000000,   0.00160,
,,,07.172000000000,   0.00240,
,,,07.176000000000,   0.00080,
,,,07.180000000000,   0.00080,
,,,07.184000000000,   0.00160,
,,,07.188000000000,   0.00240,
,,,07.192000000000,   0.00000,
,,,07.196000000000,   0.00080,
,,,07.200000000000,   0.00160,
,,,07.204000000000,   0.00160,
,,,07.208000000000,   0.00080,
,,,07.212000000000,   0.00240,
,,,07.216000000000,   0.00240,
,,,07.220000000000,   0.00160,
,,,07.224000000000,   0.00240,
,,,07.228000000000,   0.00240,
,,,07.232000000000,   0.00160,
,,,07.236000000000,   0.00160,
,,,07.240000000000,   0.00240,
,,,07.244000000000,   0.00240,
,,,07.248000000000,   0.00080,
,,,07.252000000000,   0.00240,
,,,07.256000000000,   0.00240,
,,,07.260000000000,   0.00080,
,,,07.264000000000,   0.00160,
,,,07.268000000000,   0.00240,
,,,07.272000000000,   0.00080,
,,,07.276000000000,   0.00160,
,,,07.280000000000,   0.00240,
,,,07.284000000000,   0.00320,
,,,07.288000000000,   0.00160,
,,,07.292000000000,   0.00240,
,,,07.296000000000,   0.00160,
,,,07.300000000000,   0.00160,
,,,07.304000000000,   0.00080,
,,,07.308000000000,   0.00160,
,,,07.312000000000,   0.00240,
,,,07.316000000000,   0.00080,
,,,07.320000000000,   0.00080,
,,,07.324000000000,   0.00240,
,,,07.328000000000,   0.00080,
,,,07.332000000000,   0.00160,
,,,07.336000000000,   0.00320,
,,,07.340000000000,   0.00240,
,,,07.344000000000,   0.00160,
,,,07.348000000000,   0.00240,
,,,07.352000000000,   0.00240,
,,,07.356000000000,   0.00160,
,,,07.360000000000,   0.00240,
,,,07.364000000000,   0.00240,
,,,07.368000000000,   0.00160,
,,,07.372000000000,   0.00160,
,,,07.376000000000,   0.00240,
,,,07.380000000000,   0.00160,
,,,07.384000000000,   0.00000,
,,,07.388000000000,   0.00160,
,,,07.392000000000,   0.00160,
,,,07.396000000000,   0.00080,
,,,07.400000000000,   0.00240,
,,,07.404000000000,   0.00320,
,,,07.408000000000,   0.00240,
,,,07.412000000000,   0.00160,
,,,07.416000000000,   0.00240,
,,,07.420000000000,   0.00240,
,,,07.424000000000,   0.00160,
,,,07.428000000000,   0.00160,
,,,07.432000000000,   0.00240,
,,,07.436000000000,   0.00080,
,,,07.440000000000,   0.00080,
,,,07.444000000000,   0.00240,
,,,07.448000000000,   0.00240,
,,,07.452000000000,   0.00080,
,,,07.456000000000,   0.00240,
,,,07.460000000000,   0.00240,
,,,07.464000000000,   0.00160,
,,,07.468000000000,   0.00240,
,,,07.472000000000,   0.00320,
,,,07.476000000000,   0.00240,
,,,07.480000000000,   0.00160,
,,,07.484000000000,   0.00320,
,,,07.488000000000,   0.00160,
,,,07.492000000000,   0.00160,
,,,07.496000000000,   0.00080,
,,,07.500000000000,   0.00240,
,,,07.504000000000,   0.00160,
,,,07.508000000000,   0.00080,
,,,07.512000000000,   0.00240,
,,,07.516000000000,   0.00160,
,,,07.520000000000,   0.00160,
,,,07.524000000000,   0.00240,
,,,07.528000000000,   0.00240,
,,,07.532000000000,   0.00240,
,,,07.536000000000,   0.00240,
,,,07.540000000000,   0.00320,
,,,07.544000000000,   0.00240,
,,,07.548000000000,   0.00240,
,,,07.552000000000,   0.00240,
,,,07.556000000000,   0.00240,
,,,07.560000000000,   0.00080,
,,,07.564000000000,   0.00160,
,,,07.568000000000,   0.00240,
,,,07.572000000000,   0.00080,
,,,07.576000000000,   0.00240,
,,,07.580000000000,   0.00400,
,,,07.584000000000,   0.00240,
,,,07.588000000000,   0.00160,
,,,07.592000000000,   0.00320,
,,,07.596000000000,   0.00400,
,,,07.600000000000,   0.00160,
,,,07.604000000000,   0.00240,
,,,07.608000000000,   0.00320,
,,,07.612000000000,   0.00160,
,,,07.616000000000,   0.00080,
,,,07.620000000000,   0.00240,
,,,07.624000000000,   0.00160,
,,,07.628000000000,   0.00080,
,,,07.632000000000,   0.00160,
,,,07.636000000000,   0.00240,
,,,07.640000000000,   0.00160,
,,,07.644000000000,   0.00160,
,,,07.648000000000,   0.00320,
,,,07.652000000000,   0.00320,
,,,07.656000000000,   0.00160,
,,,07.660000000000,   0.00320,
,,,07.664000000000,   0.00320,
,,,07.668000000000,   0.00080,
,,,07.672000000000,   0.00160,
,,,07.676000000000,   0.00240,
,,,07.680000000000,   0.00240,
,,,07.684000000000,   0.00080,
,,,07.688000000000,   0.00160,
,,,07.692000000000,   0.00240,
,,,07.696000000000,   0.00160,
,,,07.700000000000,   0.00240,
,,,07.704000000000,   0.00320,
,,,07.708000000000,   0.00160,
,,,07.712000000000,   0.00160,
,,,07.716000000000,   0.00320,
,,,07.720000000000,   0.00240,
,,,07.724000000000,   0.00240,
,,,07.728000000000,   0.00240,
,,,07.732000000000,   0.00240,
,,,07.736000000000,   0.00000,
,,,07.740000000000,   0.00160,
,,,07.744000000000,   0.00240,
,,,07.748000000000,   0.00320,
,,,07.752000000000,   0.00160,
,,,07.756000000000,   0.00320,
,,,07.760000000000,   0.00240,
,,,07.764000000000,   0.00160,
,,,07.768000000000,   0.00240,
,,,07.772000000000,   0.00400,
,,,07.776000000000,   0.00320,
,,,07.780000000000,   0.00240,
,,,07.784000000000,   0.00320,
,,,07.788000000000,   0.00240,
,,,07.792000000000,   0.00080,
,,,07.796000000000,   0.00240,
,,,07.800000000000,   0.00240,
,,,07.804000000000,   0.00080,
,,,07.808000000000,   0.00160,
,,,07.812000000000,   0.00320,
,,,07.816000000000,   0.00160,
,,,07.820000000000,   0.00160,
,,,07.824000000000,   0.00320,
,,,07.828000000000,   0.00320,
,,,07.832000000000,   0.00240,
,,,07.836000000000,   0.00320,
,,,07.840000000000,   0.00320,
,,,07.844000000000,   0.00240,
,,,07.848000000000,   0.00240,
,,,07.852000000000,   0.00240,
,,,07.856000000000,   0.00160,
,,,07.860000000000,   0.00000,
,,,07.864000000000,   0.00240,
,,,07.868000000000,   0.00240,
,,,07.872000000000,   0.00080,
,,,07.876000000000,   0.00240,
,,,07.880000000000,   0.00320,
,,,07.884000000000,   0.00240,
,,,07.888000000000,   0.00240,
,,,07.892000000000,   0.00240,
,,,07.896000000000,   0.00320,
,,,07.900000000000,   0.00160,
,,,07.904000000000,   0.00240,
,,,07.908000000000,   0.00320,
,,,07.912000000000,   0.00080,
,,,07.916000000000,   0.00000,
,,,07.920000000000,   0.00240,
,,,07.924000000000,   0.00160,
,,,07.928000000000,   0.00080,
,,,07.932000000000,   0.00160,
,,,07.936000000000,   0.00240,
,,,07.940000000000,   0.00240,
,,,07.944000000000,   0.00160,
,,,07.948000000000,   0.00400,
,,,07.952000000000,   0.00240,
,,,07.956000000000,   0.00240,
,,,07.960000000000,   0.00320,
,,,07.964000000000,   0.00320,
,,,07.968000000000,   0.00160,
,,,07.972000000000,   0.00240,
,,,07.976000000000,   0.00240,
,,,07.980000000000,   0.00080,
,,,07.984000000000,   0.00080,
,,,07.988000000000,   0.00320,
,,,07.992000000000,   0.00160,
,,,07.996000000000,   0.00160,
,,,08.000000000000,   0.00320,
,,,08.004000000000,   0.00320,
,,,08.008000000000,   0.00240,
,,,08.012000000000,   0.00320,
,,,08.016000000000,   0.00320,
,,,08.020000000000,   0.00240,
,,,08.024000000000,   0.00160,
,,,08.028000000000,   0.00240,
,,,08.032000000000,   0.00240,
,,,08.036000000000,   0.00080,
,,,08.040000000000,   0.00160,
,,,08.044000000000,   0.00160,
,,,08.048000000000,   0.00160,
,,,08.052000000000,   0.00080,
,,,08.056000000000,   0.00320,
,,,08.060000000000,   0.00240,
,,,08.064000000000,   0.00160,
,,,08.068000000000,   0.00320,
,,,08.072000000000,   0.00400,
,,,08.076000000000,   0.00160,
,,,08.080000000000,   0.00240,
,,,08.084000000000,   0.00240,
,,,08.088000000000,   0.00080,
,,,08.092000000000,   0.00080,
,,,08.096000000000,   0.00240,
,,,08.100000000000,   0.00240,
,,,08.104000000000,   0.00160,
,,,08.108000000000,   0.00080,
,,,08.112000000000,   0.00240,
,,,08.116000000000,   0.00240,
,,,08.120000000000,   0.00160,
,,,08.124000000000,   0.00400,
,,,08.128000000000,   0.00240,
,,,08.132000000000,   0.00160,
,,,08.136000000000,   0.00400,
,,,08.140000000000,   0.00320,
,,,08.144000000000,   0.00160,
,,,08.148000000000,   0.00080,
,,,08.152000000000,   0.00240,
,,,08.156000000000,   0.00080,
,,,08.160000000000,   0.00080,
,,,08.164000000000,   0.00080,
,,,08.168000000000,   0.00240,
,,,08.172000000000,   0.00080,
,,,08.176000000000,   0.00160,
,,,08.180000000000,   0.00240,
,,,08.184000000000,   0.00240,
,,,08.188000000000,   0.00160,
,,,08.192000000000,   0.00320,
,,,08.196000000000,   0.00320,
,,,08.200000000000,   0.00080,
,,,08.204000000000,   0.00240,
,,,08.208000000000,   0.00160,
,,,08.212000000000,   0.00160,
,,,08.216000000000,   0.00080,
,,,08.220000000000,   0.00240,
,,,08.224000000000,   0.00160,
,,,08.228000000000,   0.00160,
,,,08.232000000000,   0.00240,
,,,08.236000000000,   0.00320,
,,,08.240000000000,   0.00240,
,,,08.244000000000,   0.00240,
,,,08.248000000000,   0.00320,
,,,08.252000000000,   0.00240,
,,,08.256000000000,   0.00160,
,,,08.260000000000,   0.00240,
,,,08.264000000000,   0.00240,
,,,08.268000000000,   0.00080,
,,,08.272000000000,   0.00160,
,,,08.276000000000,   0.00240,
,,,08.280000000000,   0.00080,
,,,08.284000000000,   0.00080,
,,,08.288000000000,   0.00240,
,,,08.292000000000,   0.00080,
,,,08.296000000000,   0.00160,
,,,08.300000000000,   0.00320,
,,,08.304000000000,   0.00320,
,,,08.308000000000,   0.00080,
,,,08.312000000000,   0.00320,
,,,08.316000000000,   0.00320,
,,,08.320000000000,   0.00240,
,,,08.324000000000,   0.00160,
,,,08.328000000000,   0.00160,
,,,08.332000000000,   0.00160,
,,,08.336000000000,   0.00000,
,,,08.340000000000,   0.00160,
,,,08.344000000000,   0.00160,
,,,08.348000000000,   0.00000,
,,,08.352000000000,   0.00160,
,,,08.356000000000,   0.00240,
,,,08.360000000000,   0.00240,
,,,08.364000000000,   0.00160,
,,,08.368000000000,   0.00240,
,,,08.372000000000,   0.00320,
,,,08.376000000000,   0.00160,
,,,08.380000000000,   0.00240,
,,,08.384000000000,   0.00320,
,,,08.388000000000,   0.00160,
,,,08.392000000000,   0.00080,
,,,08.396000000000,   0.00240,
,,,08.400000000000,   0.00080,
,,,08.404000000000,   0.00080,
,,,08.408000000000,   0.00240,
,,,08.412000000000,   0.00240,
,,,08.416000000000,   0.00160,
,,,08.420000000000,   0.00240,
,,,08.424000000000,   0.00480,
,,,08.428000000000,   0.00160,
,,,08.432000000000,   0.00240,
,,,08.436000000000,   0.00320,
,,,08.440000000000,   0.00240,
,,,08.444000000000,   0.00080,
,,,08.448000000000,   0.00160,
,,,08.452000000000,   0.00240,
,,,08.456000000000,   0.00080,
,,,08.460000000000,  -0.00080,
,,,08.464000000000,   0.00240,
,,,08.468000000000,   0.00240,
,,,08.472000000000,   0.00080,
,,,08.476000000000,   0.00160,
,,,08.480000000000,   0.00320,
,,,08.484000000000,   0.00240,
,,,08.488000000000,   0.00240,
,,,08.492000000000,   0.00320,
,,,08.496000000000,   0.00240,
,,,08.500000000000,   0.00080,
,,,08.504000000000,   0.00240,
,,,08.508000000000,   0.00160,
,,,08.512000000000,   0.00080,
,,,08.516000000000,   0.00080,
,,,08.520000000000,   0.00240,
,,,08.524000000000,   0.00080,
,,,08.528000000000,   0.00160,
,,,08.532000000000,   0.00240,
,,,08.536000000000,   0.00240,
,,,08.540000000000,   0.00160,
,,,08.544000000000,   0.00240,
,,,08.548000000000,   0.00320,
,,,08.552000000000,   0.00160,
,,,08.556000000000,   0.00320,
,,,08.560000000000,   0.00320,
,,,08.564000000000,   0.00240,
,,,08.568000000000,   0.00080,
,,,08.572000000000,   0.00240,
,,,08.576000000000,   0.00160,
,,,08.580000000000,   0.00000,
,,,08.584000000000,   0.00160,
,,,08.588000000000,   0.00080,
,,,08.592000000000,   0.00160,
,,,08.596000000000,   0.00160,
,,,08.600000000000,   0.00240,
,,,08.604000000000,   0.00320,
,,,08.608000000000,   0.00160,
,,,08.612000000000,   0.00320,
,,,08.616000000000,   0.00240,
,,,08.620000000000,   0.00160,
,,,08.624000000000,   0.00240,
,,,08.628000000000,   0.00320,
,,,08.632000000000,   0.00240,
,,,08.636000000000,   0.00160,
,,,08.640000000000,   0.00240,
,,,08.644000000000,   0.00240,
,,,08.648000000000,   0.00080,
,,,08.652000000000,   0.00160,
,,,08.656000000000,   0.00240,
,,,08.660000000000,   0.00080,
,,,08.664000000000,   0.00160,
,,,08.668000000000,   0.00240,
,,,08.672000000000,   0.00240,
,,,08.676000000000,   0.00160,
,,,08.680000000000,   0.00320,
,,,08.684000000000,   0.00240,
,,,08.688000000000,   0.00080,
,,,08.692000000000,   0.00160,
,,,08.696000000000,   0.00240,
,,,08.700000000000,   0.00080,
,,,08.704000000000,   0.00080,
,,,08.708000000000,   0.00240,
,,,08.712000000000,   0.00160,
,,,08.716000000000,   0.00080,
,,,08.720000000000,   0.00160,
,,,08.724000000000,   0.00320,
,,,08.728000000000,   0.00160,
,,,08.732000000000,   0.00160,
,,,08.736000000000,   0.00240,
,,,08.740000000000,   0.00160,
,,,08.744000000000,   0.00240,
,,,08.748000000000,   0.00240,
,,,08.752000000000,   0.00240,
,,,08.756000000000,   0.00240,
,,,08.760000000000,   0.00160,
,,,08.764000000000,   0.00240,
,,,08.768000000000,   0.00080,
,,,08.772000000000,   0.00160,
,,,08.776000000000,   0.00240,
,,,08.780000000000,   0.00320,
,,,08.784000000000,   0.00160,
,,,08.788000000000,   0.00240,
,,,08.792000000000,   0.00320,
,,,08.796000000000,   0.00160,
,,,08.800000000000,   0.00160,
,,,08.804000000000,   0.00240,
,,,08.808000000000,   0.00080,
,,,08.812000000000,   0.00080,
,,,08.816000000000,   0.00160,
,,,08.820000000000,   0.00160,
,,,08.824000000000,   0.00000,
,,,08.828000000000,   0.00160,
,,,08.832000000000,   0.00240,
,,,08.836000000000,   0.00160,
,,,08.840000000000,   0.00160,
,,,08.844000000000,   0.00320,
,,,08.848000000000,   0.00320,
,,,08.852000000000,   0.00160,
,,,08.856000000000,   0.00240,
,,,08.860000000000,   0.00240,
,,,08.864000000000,   0.00160,
,,,08.868000000000,   0.00160,
,,,08.872000000000,   0.00240,
,,,08.876000000000,   0.00160,
,,,08.880000000000,   0.00080,
,,,08.884000000000,   0.00240,
,,,08.888000000000,   0.00160,
,,,08.892000000000,   0.00000,
,,,08.896000000000,   0.00160,
,,,08.900000000000,   0.00240,
,,,08.904000000000,   0.00240,
,,,08.908000000000,   0.00160,
,,,08.912000000000,   0.00320,
,,,08.916000000000,   0.00240,
,,,08.920000000000,   0.00160,
,,,08.924000000000,   0.00240,
,,,08.928000000000,   0.00240,
,,,08.932000000000,   0.00160,
,,,08.936000000000,   0.00080,
,,,08.940000000000,   0.00240,
,,,08.944000000000,   0.00160,
,,,08.948000000000,   0.00080,
,,,08.952000000000,   0.00240,
,,,08.956000000000,   0.00160,
,,,08.960000000000,   0.00080,
,,,08.964000000000,   0.00240,
,,,08.968000000000,   0.00320,
,,,08.972000000000,   0.00160,
,,,08.976000000000,   0.00160,
,,,08.980000000000,   0.00240,
,,,08.984000000000,   0.00240,
,,,08.988000000000,   0.00080,
,,,08.992000000000,   0.00160,
,,,08.996000000000,   0.00240,
,,,09.000000000000,   0.00080,
,,,09.004000000000,   0.00080,
,,,09.008000000000,   0.00240,
,,,09.012000000000,   0.00240,
,,,09.016000000000,   0.00160,
,,,09.020000000000,   0.00320,
,,,09.024000000000,   0.00320,
,,,09.028000000000,   0.00160,
,,,09.032000000000,   0.00240,
,,,09.036000000000,   0.00320,
,,,09.040000000000,   0.00160,
,,,09.044000000000,   0.00160,
,,,09.048000000000,   0.00240,
,,,09.052000000000,   0.00240,
,,,09.056000000000,   0.00000,
,,,09.060000000000,   0.00160,
,,,09.064000000000,   0.00160,
,,,09.068000000000,   0.00160,
,,,09.072000000000,   0.00160,
,,,09.076000000000,   0.00320,
,,,09.080000000000,   0.00320,
,,,09.084000000000,   0.00160,
,,,09.088000000000,   0.00240,
,,,09.092000000000,   0.00320,
,,,09.096000000000,   0.00240,
,,,09.100000000000,   0.00320,
,,,09.104000000000,   0.00240,
,,,09.108000000000,   0.00160,
,,,09.112000000000,   0.00160,
,,,09.116000000000,   0.00240,
,,,09.120000000000,   0.00240,
,,,09.124000000000,   0.00160,
,,,09.128000000000,   0.00240,
,,,09.132000000000,   0.00320,
,,,09.136000000000,   0.00240,
,,,09.140000000000,   0.00240,
,,,09.144000000000,   0.00240,
,,,09.148000000000,   0.00160,
,,,09.152000000000,   0.00160,
,,,09.156000000000,   0.00240,
,,,09.160000000000,   0.00240,
,,,09.164000000000,   0.00160,
,,,09.168000000000,   0.00160,
,,,09.172000000000,   0.00160,
,,,09.176000000000,   0.00080,
,,,09.180000000000,   0.00000,
,,,09.184000000000,   0.00240,
,,,09.188000000000,   0.00160,
,,,09.192000000000,   0.00080,
,,,09.196000000000,   0.00240,
,,,09.200000000000,   0.00240,
,,,09.204000000000,   0.00240,
,,,09.208000000000,   0.00240,
,,,09.212000000000,   0.00320,
,,,09.216000000000,   0.00320,
,,,09.220000000000,   0.00240,
,,,09.224000000000,   0.00240,
,,,09.228000000000,   0.00240,
,,,09.232000000000,   0.00080,
,,,09.236000000000,   0.00080,
,,,09.240000000000,   0.00240,
,,,09.244000000000,   0.00160,
,,,09.248000000000,   0.00080,
,,,09.252000000000,   0.00240,
,,,09.256000000000,   0.00240,
,,,09.260000000000,   0.00160,
,,,09.264000000000,   0.00240,
,,,09.268000000000,   0.00320,
,,,09.272000000000,   0.00240,
,,,09.276000000000,   0.00320,
,,,09.280000000000,   0.00400,
,,,09.284000000000,   0.00240,
,,,09.288000000000,   0.00080,
,,,09.292000000000,   0.00160,
,,,09.296000000000,   0.00240,
,,,09.300000000000,   0.00160,
,,,09.304000000000,   0.00240,
,,,09.308000000000,   0.00240,
,,,09.312000000000,   0.00080,
,,,09.316000000000,   0.00160,
,,,09.320000000000,   0.00320,
,,,09.324000000000,   0.00320,
,,,09.328000000000,   0.00160,
,,,09.332000000000,   0.00240,
,,,09.336000000000,   0.00400,
,,,09.340000000000,   0.00080,
,,,09.344000000000,   0.00240,
,,,09.348000000000,   0.00320,
,,,09.352000000000,   0.00080,
,,,09.356000000000,   0.00080,
,,,09.360000000000,   0.00240,
,,,09.364000000000,   0.00240,
,,,09.368000000000,   0.00160,
,,,09.372000000000,   0.00240,
,,,09.376000000000,   0.00240,
,,,09.380000000000,   0.00240,
,,,09.384000000000,   0.00240,
,,,09.388000000000,   0.00240,
,,,09.392000000000,   0.00240,
,,,09.396000000000,   0.00080,
,,,09.400000000000,   0.00240,
,,,09.404000000000,   0.00240,
,,,09.408000000000,   0.00080,
,,,09.412000000000,   0.00080,
,,,09.416000000000,   0.00160,
,,,09.420000000000,   0.00160,
,,,09.424000000000,   0.00160,
,,,09.428000000000,   0.00240,
,,,09.432000000000,   0.00240,
,,,09.436000000000,   0.00160,
,,,09.440000000000,   0.00320,
,,,09.444000000000,   0.00320,
,,,09.448000000000,   0.00240,
,,,09.452000000000,   0.00240,
,,,09.456000000000,   0.00240,
,,,09.460000000000,   0.00240,
,,,09.464000000000,   0.00080,
,,,09.468000000000,   0.00160,
,,,09.472000000000,   0.00160,
,,,09.476000000000,   0.00080,
,,,09.480000000000,   0.00080,
,,,09.484000000000,   0.00160,
,,,09.488000000000,   0.00160,
,,,09.492000000000,   0.00000,
,,,09.496000000000,   0.00240,
,,,09.500000000000,   0.00240,
,,,09.504000000000,   0.00240,
,,,09.508000000000,   0.00240,
,,,09.512000000000,   0.00320,
,,,09.516000000000,   0.00240,
,,,09.520000000000,   0.00240,
,,,09.524000000000,   0.00240,
,,,09.528000000000,   0.00240,
,,,09.532000000000,   0.00080,
,,,09.536000000000,   0.00160,
,,,09.540000000000,   0.00160,
,,,09.544000000000,   0.00080,
,,,09.548000000000,   0.00080,
,,,09.552000000000,   0.00240,
,,,09.556000000000,   0.00240,
,,,09.560000000000,   0.00240,
,,,09.564000000000,   0.00240,
,,,09.568000000000,   0.00240,
,,,09.572000000000,   0.00080,
,,,09.576000000000,   0.00240,
,,,09.580000000000,   0.00240,
,,,09.584000000000,   0.00160,
,,,09.588000000000,   0.00160,
,,,09.592000000000,   0.00320,
,,,09.596000000000,   0.00240,
,,,09.600000000000,   0.00080,
,,,09.604000000000,   0.00240,
,,,09.608000000000,   0.00240,
,,,09.612000000000,   0.00160,
,,,09.616000000000,   0.00320,
,,,09.620000000000,   0.00400,
,,,09.624000000000,   0.00240,
,,,09.628000000000,   0.00080,
,,,09.632000000000,   0.00240,
,,,09.636000000000,   0.00320,
,,,09.640000000000,   0.00080,
,,,09.644000000000,   0.00080,
,,,09.648000000000,   0.00240,
,,,09.652000000000,   0.00080,
,,,09.656000000000,   0.00080,
,,,09.660000000000,   0.00160,
,,,09.664000000000,   0.00160,
,,,09.668000000000,   0.00160,
,,,09.672000000000,   0.00320,
,,,09.676000000000,   0.00320,
,,,09.680000000000,   0.00240,
,,,09.684000000000,   0.00240,
,,,09.688000000000,   0.00400,
,,,09.692000000000,   0.00240,
,,,09.696000000000,   0.00160,
,,,09.700000000000,   0.00320,
,,,09.704000000000,   0.00160,
,,,09.708000000000,   0.00080,
,,,09.712000000000,   0.00080,
,,,09.716000000000,   0.00240,
